name,datetime,tempmax,tempmin,temp,feelslikemax,feelslikemin,feelslike,dew,humidity,precip,precipprob,precipcover,preciptype,snow,snowdepth,windgust,windspeed,winddir,sealevelpressure,cloudcover,visibility,solarradiation,solarenergy,uvindex,severerisk,sunrise,sunset,moonphase,conditions,description,icon,stations
"Ahmedabad, GJ, India",2023-04-01,94.6,75.2,83.9,92.9,75.2,83.3,60,48,0,0,0,,0,0,13.9,11.4,267,1008.6,16.9,3.3,286,24.6,9,10,2023-04-01T06:32:32,2023-04-01T18:55:02,0.34,Clear,Clear conditions throughout the day.,clear-day,"42647099999,42654099999,VAAH,42744099999,remote"
"Ahmedabad, GJ, India",2023-04-02,95,75.2,84.7,91.6,75.2,83.3,55.3,40.2,0,0,0,,0,0,15.9,9.2,290,1008.6,2.2,2.9,293.6,25.3,10,10,2023-04-02T06:31:34,2023-04-02T18:55:24,0.37,Clear,Clear conditions throughout the day.,clear-day,"42647099999,42654099999,VAAH,42744099999"
"Ahmedabad, GJ, India",2023-04-03,95.4,73.4,85.1,92.3,73.4,84.1,58.1,44.2,0,0,0,,0,0,17.2,9.7,260.1,1008.2,9,2.9,295.9,25.4,10,10,2023-04-03T06:30:37,2023-04-03T18:55:46,0.41,Clear,Clear conditions throughout the day.,clear-day,"42647099999,42654099999,VAAH,42744099999"
"Ahmedabad, GJ, India",2023-04-04,94,73.5,84.3,94.1,73.5,84.6,60.4,46.5,0,0,0,rain,0,0,18.1,8.1,288,1009.3,17.6,2.7,287.3,24.8,9,10,2023-04-04T06:29:40,2023-04-04T18:56:09,0.44,Clear,Clear conditions throughout the day.,clear-day,"42647099999,42654099999,VAAH,42744099999"
"Ahmedabad, GJ, India",2023-04-05,96.8,75.2,86.5,95.2,75.2,85.8,57.4,39.4,0,0,0,,0,0,13.6,8.1,299.6,1008.8,20.7,2.7,290.2,25.1,9,10,2023-04-05T06:28:43,2023-04-05T18:56:31,0.47,Partially cloudy,Clearing in the afternoon.,partly-cloudy-day,"42647099999,42654099999,VAAH,42744099999"
"Ahmedabad, GJ, India",2023-04-06,98.6,75.2,86.9,96.8,75.2,85.1,52.2,32.6,0,0,0,,0,0,15.7,10.3,306.4,1009.9,15.5,3.4,298.9,25.8,10,10,2023-04-06T06:27:46,2023-04-06T18:56:53,0.5,Clear,Clear conditions throughout the day.,clear-day,"42647099999,42654099999,VAAH,42744099999,remote"
"Ahmedabad, GJ, India",2023-04-07,95,77,87.2,91.4,77,84.8,47,26.1,0,0,0,,0,0,20.1,9.2,323.5,1011.3,83.6,2.8,185.2,15.9,8,10,2023-04-07T06:26:50,2023-04-07T18:57:15,0.54,Partially cloudy,Partly cloudy throughout the day.,partly-cloudy-day,"42647099999,42654099999,VAAH,42744099999"
"Ahmedabad, GJ, India",2023-04-08,100.4,78.1,88.9,96.6,78.1,86.8,51.6,29.8,0,0,0,,0,0,11,6.9,256.9,1012,32,2.8,277,23.9,10,10,2023-04-08T06:25:54,2023-04-08T18:57:38,0.57,Partially cloudy,Partly cloudy throughout the day.,partly-cloudy-day,"42647099999,42654099999,VAAH,42744099999"
"Ahmedabad, GJ, India",2023-04-09,101.6,78.8,89.9,97.9,78.8,87.8,51.5,29.1,0,0,0,,0,0,11.4,9.2,79.4,1012.1,24.7,2.8,274.2,23.8,10,10,2023-04-09T06:24:59,2023-04-09T18:58:00,0.61,Partially cloudy,Partly cloudy throughout the day.,partly-cloudy-day,"42647099999,42654099999,VAAH,42744099999"
"Ahmedabad, GJ, India",2023-04-10,102.2,77,91.4,98.9,77,89.3,52.1,28.9,0,0,0,,0,0,11.4,6.9,51.2,1010.6,20.3,2.8,288.2,25.1,10,10,2023-04-10T06:24:04,2023-04-10T18:58:23,0.65,Partially cloudy,Partly cloudy throughout the day.,partly-cloudy-day,"42647099999,42654099999,VAAH,42744099999"
"Ahmedabad, GJ, India",2023-04-11,102.4,80.6,92,100.5,80.8,90.6,55.3,30.7,0,0,0,,0,0,14.1,6.9,288.2,1010.4,19.6,2.8,294,25.3,9,10,2023-04-11T06:23:09,2023-04-11T18:58:46,0.68,Clear,Clear conditions throughout the day.,clear-day,"42647099999,42654099999,VAAH,42744099999"
"Ahmedabad, GJ, India",2023-04-12,100.6,78.8,90,98.4,78.8,88.6,55.5,33.3,0,0,0,,0,0,16.6,9.2,292.7,1010.7,13.2,2.9,303.7,26.2,10,10,2023-04-12T06:22:15,2023-04-12T18:59:08,0.72,Clear,Clear conditions throughout the day.,clear-day,"42647099999,42654099999,VAAH,42744099999"
"Ahmedabad, GJ, India",2023-04-13,100.1,80.6,90,97.2,81.8,88.6,54.9,32.8,0,0,0,,0,0,15.9,8.6,318.4,1010.1,30.3,2.8,243,21.1,7,10,2023-04-13T06:21:21,2023-04-13T18:59:31,0.75,Partially cloudy,Partly cloudy throughout the day.,partly-cloudy-day,"42647099999,42654099999,VAAH,42744099999"
"Ahmedabad, GJ, India",2023-04-14,102.2,80.6,91.2,99,81.4,89.4,53.4,30.3,0,0,0,,0,0,15.9,10.3,283,1009.5,21.2,3.4,306.1,26.5,10,10,2023-04-14T06:20:28,2023-04-14T18:59:55,0.79,Partially cloudy,Clearing in the afternoon.,partly-cloudy-day,"42647099999,42654099999,VAAH,42744099999,remote"
"Ahmedabad, GJ, India",2023-04-15,101.3,79,90.5,101.3,79,89.4,55.8,33.2,0,0,0,,0,0,16.3,10.9,234.1,1008.7,0,3.3,307.7,26.6,10,10,2023-04-15T06:19:35,2023-04-15T19:00:18,0.82,Clear,Clear conditions throughout the day.,clear-day,"42647099999,42654099999,VAAH,42744099999,remote"
"Ahmedabad, GJ, India",2023-04-16,101.4,78.8,90.6,99,78.8,89.4,56.7,34.9,0,0,0,,0,0,15.9,11.4,241.3,1008,4.2,2.7,309,26.8,10,10,2023-04-16T06:18:43,2023-04-16T19:00:41,0.86,Clear,Clear conditions throughout the day.,clear-day,"42647099999,42654099999,VAAH,42744099999"
"Ahmedabad, GJ, India",2023-04-17,103.9,78.8,91.8,102,78.8,90.6,56.1,33.6,0,0,0,,0,0,15.4,9,276.9,1008,0.3,2.8,311,26.7,10,10,2023-04-17T06:17:51,2023-04-17T19:01:05,0.9,Clear,Clear conditions throughout the day.,clear-day,"42647099999,42654099999,VAAH,42744099999"
"Ahmedabad, GJ, India",2023-04-18,104.1,80.6,92.2,100.7,81.4,90,51.8,27.8,0,0,0,,0,0,17.7,11.4,303.5,1009.7,6.1,2.9,295.4,25.3,10,10,2023-04-18T06:17:00,2023-04-18T19:01:29,0.93,Clear,Clear conditions throughout the day.,clear-day,"42647099999,42654099999,VAAH,42744099999"
"Ahmedabad, GJ, India",2023-04-19,102.4,82.4,92.4,99.8,82.9,91.1,55.4,31.1,0,0,0,,0,0,22.6,12.8,289,1007,18.3,2.6,299.4,25.8,10,10,2023-04-19T06:16:09,2023-04-19T19:01:53,0.97,Clear,Clear conditions throughout the day.,clear-day,"42647099999,42654099999,VAAH,42744099999"
"Ahmedabad, GJ, India",2023-04-20,99.8,80.6,89.6,97.6,80.9,87.8,53.4,30.8,0,0,0,,0,0,23,10.3,293.7,1004.6,20.5,2.9,307.5,26.7,10,10,2023-04-20T06:15:19,2023-04-20T19:02:17,0,Partially cloudy,Partly cloudy throughout the day.,partly-cloudy-day,"42647099999,42654099999,VAAH,42744099999"
"Ahmedabad, GJ, India",2023-04-21,99.2,78.8,89.1,95.7,78.8,87.9,55.9,37.3,0,0,0,,0,0,17.2,8.1,289.6,1004.7,24.1,2.8,295.8,25.5,10,10,2023-04-21T06:14:30,2023-04-21T19:02:41,0.04,Partially cloudy,Partly cloudy throughout the day.,partly-cloudy-day,"42647099999,42654099999,VAAH,42744099999"
"Ahmedabad, GJ, India",2023-04-22,101.1,80.6,90.1,97.8,82.7,88.8,54,34,0,0,0,,0,0,20.4,9.2,300.3,1004.7,31,2.9,292,25.3,9,10,2023-04-22T06:13:42,2023-04-22T19:03:06,0.07,Partially cloudy,Partly cloudy throughout the day.,partly-cloudy-day,"42647099999,42654099999,VAAH,42744099999"
"Ahmedabad, GJ, India",2023-04-23,102.2,78.8,90.3,97.3,78.8,88.3,49.5,30.4,0,0,0,,0,0,24.2,15,299.1,1004.9,12.7,2.9,312.2,27,10,10,2023-04-23T06:12:54,2023-04-23T19:03:31,0.1,Clear,Clear conditions throughout the day.,clear-day,"42647099999,42654099999,VAAH,42744099999"
"Ahmedabad, GJ, India",2023-04-24,102.2,75.2,89,96.4,75.2,86.4,47.4,30.1,0,0,0,,0,0,17,11.4,323.2,1006.7,22.2,2.6,309,26.7,10,10,2023-04-24T06:12:07,2023-04-24T19:03:56,0.13,Partially cloudy,Partly cloudy throughout the day.,partly-cloudy-day,"42647099999,42654099999,VAAH,42744099999"
"Ahmedabad, GJ, India",2023-04-25,102.2,73.4,89.4,97.7,73.4,86.6,45.3,23.5,0,0,0,,0,0,19.5,8.3,84.4,1006.5,18.9,2.7,312.9,26.9,10,10,2023-04-25T06:11:20,2023-04-25T19:04:21,0.16,Clear,Clear conditions throughout the day.,clear-day,"42647099999,42654099999,VAAH,42744099999"
"Ahmedabad, GJ, India",2023-04-26,102,79.1,89.7,103.1,79.1,89.3,56.7,34,0,0,0,,0,0,19.9,11.4,182.6,1005.5,36.2,2.6,283.5,24.5,10,10,2023-04-26T06:10:34,2023-04-26T19:04:46,0.2,Partially cloudy,Partly cloudy throughout the day.,partly-cloudy-day,"42647099999,42654099999,VAAH,42744099999"
"Ahmedabad, GJ, India",2023-04-27,98.6,78.8,88.2,102.8,78.8,89.9,64.9,49.2,0,0,0,,0,0,16.3,10.3,182.5,1006.7,31,2.7,282.6,24.3,10,60,2023-04-27T06:09:50,2023-04-27T19:05:12,0.23,Partially cloudy,Partly cloudy throughout the day.,partly-cloudy-day,"42647099999,42654099999,VAAH,42744099999"
"Ahmedabad, GJ, India",2023-04-28,98.5,82.4,89.2,98.7,83.4,89.7,61.5,40.4,0,0,0,rain,0,0,13.2,11.4,276.7,1007.4,41.5,2.7,280.7,24.2,9,30,2023-04-28T06:09:05,2023-04-28T19:05:37,0.25,Partially cloudy,Partly cloudy throughout the day.,partly-cloudy-day,"42647099999,42654099999,VAAH,42744099999"
"Ahmedabad, GJ, India",2023-04-29,88.1,73.4,81.4,88.5,73.4,82.3,65.6,60.5,0.118,100,8.33,rain,0,0,20.8,11.4,207.6,1007.7,85.6,2.6,246.6,21.2,8,10,2023-04-29T06:08:22,2023-04-29T19:06:03,0.29,"Rain, Partially cloudy",Partly cloudy throughout the day with rain clearing later.,rain,"42647099999,42654099999,VAAH,42744099999"
"Ahmedabad, GJ, India",2023-04-30,91.6,74.6,81.9,92.3,74.6,82.4,65.1,59.2,0.039,100,4.17,rain,0,0,18.6,10.3,252.1,1005.9,61.5,4,260.3,22.3,9,10,2023-04-30T06:07:40,2023-04-30T19:06:29,0.32,"Rain, Partially cloudy",Partly cloudy throughout the day with late afternoon rain.,rain,"42647099999,42654099999,VAAH,42744099999,remote"
"Ahmedabad, GJ, India",2023-05-01,91.9,73.4,82.2,92.3,73.4,82.8,64.5,57.7,0,0,0,,0,0,23,12.8,223,1005.5,40.8,2.7,267.9,23.2,9,10,2023-05-01T06:06:58,2023-05-01T19:06:56,0.36,Partially cloudy,Partly cloudy throughout the day.,partly-cloudy-day,"42647099999,42654099999,VAAH,42744099999"
"Ahmedabad, GJ, India",2023-05-02,93.2,77,83.4,95.5,77,84.5,66.5,58.7,0,0,0,,0,0,23,12.8,216.5,1006.5,53.9,2.5,266.6,23,9,10,2023-05-02T06:06:17,2023-05-02T19:07:22,0.39,Partially cloudy,Partly cloudy throughout the day.,partly-cloudy-day,"42647099999,42654099999,VAAH,42744099999"
"Ahmedabad, GJ, India",2023-05-03,96.2,75.2,86.7,98.3,75.2,87.6,64.3,49.6,0,0,0,,0,0,14.5,9.2,347.3,1007.7,37.9,2.6,283.2,24.3,10,10,2023-05-03T06:05:37,2023-05-03T19:07:49,0.42,Partially cloudy,Partly cloudy throughout the day.,partly-cloudy-day,"42647099999,42654099999,VAAH,42744099999"
"Ahmedabad, GJ, India",2023-05-04,99.5,80.6,89.5,100.4,82.1,90.6,62.3,42.2,0,0,0,,0,0,16.3,10.3,285.8,1007.1,30.7,2.8,266,23,9,10,2023-05-04T06:04:59,2023-05-04T19:08:16,0.45,Partially cloudy,Becoming cloudy in the afternoon.,partly-cloudy-day,"42647099999,42654099999,VAAH,42744099999"
"Ahmedabad, GJ, India",2023-05-05,100.1,80.8,90.4,102.1,83.5,92.5,64.8,44.6,0,0,0,,0,0,13.2,13.9,220.5,1006.1,40.9,2.7,283.8,24.7,9,10,2023-05-05T06:04:21,2023-05-05T19:08:43,0.5,Partially cloudy,Partly cloudy throughout the day.,partly-cloudy-day,"42647099999,42654099999,VAAH,42744099999"
"Ahmedabad, GJ, India",2023-05-06,99.8,84.2,91.3,104.9,86.5,93.9,65.4,43.6,0,0,0,rain,0,0,16.1,11.4,282,1006,62.6,3.2,267.1,23.1,9,10,2023-05-06T06:03:44,2023-05-06T19:09:10,0.52,Partially cloudy,Partly cloudy throughout the day.,partly-cloudy-day,"42647099999,42654099999,VAAH,42744099999,remote"
"Ahmedabad, GJ, India",2023-05-07,104,84.2,93.4,105.4,88.4,96.1,65.1,41.8,0,0,0,,0,0,23,11.4,270.9,1005.8,27,2.8,285.2,24.6,10,10,2023-05-07T06:03:07,2023-05-07T19:09:37,0.56,Partially cloudy,Partly cloudy throughout the day.,partly-cloudy-day,"42647099999,42654099999,VAAH,42744099999"
"Ahmedabad, GJ, India",2023-05-08,104.7,82.4,93.7,106.4,85.4,95.5,62.9,38.8,0,0,0,,0,0,15.9,9.2,272,1005.2,23.5,2.9,293.2,25.3,10,10,2023-05-08T06:02:32,2023-05-08T19:10:04,0.59,Partially cloudy,Partly cloudy throughout the day.,partly-cloudy-day,"42647099999,42654099999,VAAH,42744099999"
"Ahmedabad, GJ, India",2023-05-09,106.6,83.7,95.2,106.1,85.3,95.5,59,33.9,0,0,0,,0,0,16.8,6.9,308.5,1006,1.5,2.8,306.4,26.7,10,10,2023-05-09T06:01:58,2023-05-09T19:10:32,0.63,Clear,Clear conditions throughout the day.,clear-day,"42647099999,42654099999,VAAH,42744099999"
"Ahmedabad, GJ, India",2023-05-10,108.4,77.7,94,104,77.7,92.2,51.8,28.6,0,0,0,,0,0,17,9.2,340.3,1005.8,0,2.8,327.3,28.1,10,10,2023-05-10T06:01:25,2023-05-10T19:11:00,0.66,Clear,Clear conditions throughout the day.,clear-day,"42647099999,42654099999,VAAH,42744099999"
"Ahmedabad, GJ, India",2023-05-11,108.4,82.1,95.4,104.1,81,93,50.8,24.8,0,0,0,,0,0,21.5,9.2,310.8,1005.8,0,2.9,327.7,28.2,10,10,2023-05-11T06:00:53,2023-05-11T19:11:27,0.7,Clear,Clear conditions throughout the day.,clear-day,"42647099999,42654099999,VAAH,42744099999"
"Ahmedabad, GJ, India",2023-05-12,110.1,85.5,96.9,110.1,84.6,94.3,49.2,22.7,0,0,0,,0,0,21.5,9.2,301.7,1005.6,0,3,328.1,28.2,10,10,2023-05-12T06:00:22,2023-05-12T19:11:55,0.75,Clear,Clear conditions throughout the day.,clear-day,"42647099999,42654099999,VAAH,42744099999"
"Ahmedabad, GJ, India",2023-05-13,110.4,86,97.4,110.4,87.1,97.2,57.6,29.6,0,0,0,,0,0,17.9,11.4,256.7,1005.4,0,2.9,322.8,28,10,10,2023-05-13T05:59:52,2023-05-13T19:12:23,0.77,Clear,Clear conditions throughout the day.,clear-day,"42647099999,42654099999,VAAH,42744099999"
"Ahmedabad, GJ, India",2023-05-14,107.8,84.2,95.3,108.6,89.6,99.7,66.3,43,0,0,0,,0,0,23,12.8,259.4,1004,4.4,2.9,308,26.7,10,15,2023-05-14T05:59:23,2023-05-14T19:12:51,0.81,Clear,Clear conditions throughout the day.,clear-day,"42647099999,42654099999,VAAH,42744099999"
"Ahmedabad, GJ, India",2023-05-15,104,84,92.6,111.6,90.9,101.1,72.3,54.2,0,0,0,,0,0,24.2,15,246.6,1005.3,34.7,3.3,300.6,26.1,10,30,2023-05-15T05:58:55,2023-05-15T19:13:19,0.84,Partially cloudy,Clearing in the afternoon.,partly-cloudy-day,"42647099999,42654099999,VAAH,42744099999,remote"
"Ahmedabad, GJ, India",2023-05-16,103.4,84.2,92,108.2,90.9,100,71.8,54.4,0,0,0,,0,0,20.8,17.2,248.1,1006.8,36.4,2.9,296.1,25.5,9,60,2023-05-16T05:58:29,2023-05-16T19:13:47,0.88,Partially cloudy,Partly cloudy throughout the day.,partly-cloudy-day,"42647099999,42654099999,VAAH,42744099999"
"Ahmedabad, GJ, India",2023-05-17,105.8,82.4,92.9,106.9,88.2,98.3,68.4,49.4,0,0,0,,0,0,23,11.4,259,1007.7,20,2.9,310.3,26.8,10,60,2023-05-17T05:58:03,2023-05-17T19:14:16,0.91,Clear,Clearing in the afternoon.,clear-day,"42647099999,42654099999,VAAH,42744099999"
"Ahmedabad, GJ, India",2023-05-18,104.9,82.4,92.6,107.2,87.1,96.3,65.8,45.6,0,0,0,,0,0,17.7,12.8,255.1,1009.4,22.7,2.7,297.3,25.7,10,10,2023-05-18T05:57:39,2023-05-18T19:14:44,0.95,Partially cloudy,Partly cloudy throughout the day.,partly-cloudy-day,"42647099999,42654099999,VAAH,42744099999"
"Ahmedabad, GJ, India",2023-05-19,105.2,84.2,94.2,110.6,90.9,100,68.8,46.9,0,0,0,,0,0,14.5,10.3,271.1,1007.8,11.7,2.9,315.3,27.2,10,60,2023-05-19T05:57:15,2023-05-19T19:15:12,0,Clear,Clear conditions throughout the day.,clear-day,"42647099999,42654099999,VAAH,42744099999"
"Ahmedabad, GJ, India",2023-05-20,106.3,86,95,110.4,92.7,101.2,68.8,46.2,0,0,0,,0,0,17.4,9.2,249.4,1006.7,7.5,2.9,294.7,25.4,10,30,2023-05-20T05:56:53,2023-05-20T19:15:40,0.02,Clear,Clear conditions throughout the day.,clear-day,"42647099999,42654099999,VAAH,42744099999"
"Ahmedabad, GJ, India",2023-05-21,105.8,84.2,94.6,108.5,90.9,100.4,68.8,46.4,0,0,0,,0,0,17.4,11.4,256.7,1007.4,8.8,2.9,309.6,26.7,10,30,2023-05-21T05:56:32,2023-05-21T19:16:08,0.05,Clear,Clear conditions throughout the day.,clear-day,"42647099999,42654099999,VAAH,42744099999"
"Ahmedabad, GJ, India",2023-05-22,105.5,84.2,93.2,106.5,89.4,97.4,66.7,45.8,0,0,0,,0,0,18.3,12.8,248.4,1008.3,8,2.8,315.9,27.3,10,15,2023-05-22T05:56:12,2023-05-22T19:16:36,0.08,Clear,Clear conditions throughout the day.,clear-day,"42647099999,42654099999,VAAH,42744099999"
"Ahmedabad, GJ, India",2023-05-23,105.4,84.2,92.7,111,89.6,98.4,69.3,49.7,0,0,0,,0,0,19.9,15,239.9,1008.2,8.5,3.4,317.9,27.3,10,15,2023-05-23T05:55:53,2023-05-23T19:17:04,0.12,Clear,Clear conditions throughout the day.,clear-day,"42647099999,42654099999,VAAH,42744099999,remote"
"Ahmedabad, GJ, India",2023-05-24,107.6,84.2,93.8,109.5,90.6,99.1,68.3,47.4,0,0,0,,0,0,23,13.9,247.8,1006.4,14.9,2.9,304.6,26.3,10,30,2023-05-24T05:55:35,2023-05-24T19:17:31,0.15,Clear,Clear conditions throughout the day.,clear-day,"42647099999,42654099999,VAAH,42744099999"
"Ahmedabad, GJ, India",2023-05-25,106.5,84.2,93.3,114.5,89.6,98.9,68.7,47.3,0,0,0,,0,0,25.3,18.3,225.4,1006.7,19.8,2.7,301.9,26,10,30,2023-05-25T05:55:19,2023-05-25T19:17:59,0.18,Clear,Clear conditions throughout the day.,clear-day,"42647099999,42654099999,VAAH,42744099999"
"Ahmedabad, GJ, India",2023-05-26,104,84.2,91.3,113.8,86.5,98.5,71.3,53.9,0.315,100,4.17,rain,0,0,28.9,20.8,226.6,1006.9,36.7,2.6,294,25.3,10,30,2023-05-26T05:55:03,2023-05-26T19:18:26,0.21,"Rain, Partially cloudy",Partly cloudy throughout the day with late afternoon rain.,rain,"42647099999,42654099999,VAAH,42744099999"
"Ahmedabad, GJ, India",2023-05-27,105.8,82.4,92.1,118.8,88.2,100.5,72.6,55.9,0,0,0,,0,0,26.8,18.3,227.9,1005.8,32.4,2.8,298,25.6,10,60,2023-05-27T05:54:49,2023-05-27T19:18:53,0.25,Partially cloudy,Partly cloudy throughout the day.,partly-cloudy-day,"42647099999,42654099999,VAAH,42744099999"
"Ahmedabad, GJ, India",2023-05-28,101.2,72.9,87.9,110.4,72.9,94.4,72.1,62.1,2.165,100,8.33,rain,0,0,40.3,28.9,246.9,1006.6,59.1,2.4,244.4,21.1,8,75,2023-05-28T05:54:36,2023-05-28T19:19:20,0.28,"Rain, Partially cloudy",Partly cloudy throughout the day with late afternoon rain.,rain,"42647099999,42654099999,VAAH,42744099999"
"Ahmedabad, GJ, India",2023-05-29,95,73.4,84.1,102.1,73.4,87.7,69.4,62.9,0.118,100,4.17,rain,0,0,23.3,11.4,29.4,1008.1,32.9,2.7,293.8,25.4,9,60,2023-05-29T05:54:24,2023-05-29T19:19:47,0.31,"Rain, Partially cloudy",Partly cloudy throughout the day with late afternoon rain.,rain,"42647099999,42654099999,VAAH,42744099999"
"Ahmedabad, GJ, India",2023-05-30,96.1,78.5,87.1,97.2,78.5,88.3,64.7,49.9,0,0,0,,0,0,28.9,18.7,351,1008.3,21.6,2.7,290.4,25,9,30,2023-05-30T05:54:13,2023-05-30T19:20:14,0.34,Partially cloudy,Partly cloudy throughout the day.,partly-cloudy-day,"42647099999,42654099999,VAAH,42744099999"
"Ahmedabad, GJ, India",2023-05-31,105.8,82.4,92.4,108.7,83.4,93.5,61.6,38.4,0,0,0,,0,0,22.6,13.9,264.7,1006.9,21.8,2.7,310.8,26.8,10,30,2023-05-31T05:54:04,2023-05-31T19:20:40,0.37,Partially cloudy,Partly cloudy throughout the day.,partly-cloudy-day,"42647099999,42654099999,VAAH,42744099999"
"Ahmedabad, GJ, India",2023-06-01,104.2,82.4,92.9,106.8,88.2,96.8,66.9,46.2,0,0,0,,0,0,25.9,16.1,260.1,1006,12.9,2.8,310.4,26.8,10,30,2023-06-01T05:53:55,2023-06-01T19:21:05,0.41,Clear,Clear conditions throughout the day.,clear-day,"42647099999,42654099999,VAAH,42744099999"
"Ahmedabad, GJ, India",2023-06-02,101.2,84.2,91.3,109.7,90.9,100,73,56.6,0,0,0,rain,0,0,21.7,13.9,262.7,1005.9,37.6,2.8,278.7,23.9,9,60,2023-06-02T05:53:48,2023-06-02T19:21:31,0.44,Partially cloudy,Partly cloudy throughout the day.,partly-cloudy-day,"42647099999,42654099999,VAAH,42744099999"
"Ahmedabad, GJ, India",2023-06-03,101.2,86,92.2,109.6,95.2,101.7,73.4,56,0,0,0,rain,0,0,16.6,11.4,247.2,1005.5,35.6,2.7,289.1,24.9,9,75,2023-06-03T05:53:42,2023-06-03T19:21:56,0.47,Partially cloudy,Partly cloudy throughout the day.,partly-cloudy-day,"42647099999,42654099999,VAAH,42744099999"
"Ahmedabad, GJ, India",2023-06-04,95.8,69.8,86.8,105.7,69.8,93.7,72,63,1.102,100,4.17,rain,0,0,23,11.4,137,1006.3,47.3,2.6,300.8,26,9,100,2023-06-04T05:53:37,2023-06-04T19:22:21,0.5,"Rain, Partially cloudy",Partly cloudy throughout the day with morning rain.,rain,"42647099999,42654099999,VAAH,42744099999"
"Ahmedabad, GJ, India",2023-06-05,102.3,84.2,91.2,116.2,94.1,101.9,75,61.4,0,0,0,,0,0,17.4,13.9,228.4,1004.6,11.9,2.8,296.7,25.6,9,75,2023-06-05T05:53:33,2023-06-05T19:22:45,0.54,Clear,Clear conditions throughout the day.,clear-day,"42647099999,42654099999,VAAH,42744099999"
"Ahmedabad, GJ, India",2023-06-06,102.8,82.4,90.8,111.8,85,99.7,73.1,58.1,0,0,0,,0,0,18.6,12.8,219.1,1004.4,27.2,2.8,304.9,26.4,9,30,2023-06-06T05:53:30,2023-06-06T19:23:09,0.58,Partially cloudy,Partly cloudy throughout the day.,partly-cloudy-day,"42647099999,42654099999,VAAH,42744099999"
"Ahmedabad, GJ, India",2023-06-07,100.6,85.5,91.9,112.5,93.1,101.4,73.6,56.7,0,0,0,,0,0,23.7,10.7,213.4,1004.2,19.4,2.6,307.7,26.5,10,60,2023-06-07T05:53:28,2023-06-07T19:23:32,0.61,Clear,Clear conditions throughout the day.,clear-day,"42647099999,42654099999,VAAH,42744099999"
"Ahmedabad, GJ, India",2023-06-08,102.1,84.2,92.5,109.8,90.9,101,72.5,54.3,0,0,0,,0,0,19.9,13.9,228.8,1004.9,5.3,2.9,305.2,26.3,9,30,2023-06-08T05:53:27,2023-06-08T19:23:55,0.65,Clear,Clear conditions throughout the day.,clear-day,"42647099999,42654099999,VAAH,42744099999"
"Ahmedabad, GJ, India",2023-06-09,103.2,86,93,112.1,93.4,101.9,72.8,53.6,0,0,0,,0,0,24.2,11.4,224.4,1003.1,11.1,2.9,306.7,26.5,9,10,2023-06-09T05:53:28,2023-06-09T19:24:17,0.68,Clear,Clear conditions throughout the day.,clear-day,"42647099999,42654099999,VAAH,42744099999"
"Ahmedabad, GJ, India",2023-06-10,101,84.9,92.3,113.6,92.9,102,73.6,55.7,0,0,0,,0,0,25.7,15,212.8,1002,26.8,2.9,290.8,25,9,30,2023-06-10T05:53:29,2023-06-10T19:24:39,0.72,Partially cloudy,Partly cloudy throughout the day.,partly-cloudy-day,"42647099999,42654099999,VAAH,42744099999"
"Ahmedabad, GJ, India",2023-06-11,99.3,85.5,91.3,107.4,93.4,99.2,72,55.2,0,0,0,,0,0,29.5,15,203.2,1001.8,27.3,2.4,272.6,23.5,8,30,2023-06-11T05:53:32,2023-06-11T19:25:00,0.75,Partially cloudy,Partly cloudy throughout the day.,partly-cloudy-day,"42647099999,42654099999,VAAH,42744099999"
"Ahmedabad, GJ, India",2023-06-12,98,84.2,90.5,109.7,89.6,98.2,72.3,56.1,0,0,0,,0,0,32.2,18.3,193.7,1001.1,40.3,2.7,264.4,22.8,9,10,2023-06-12T05:53:35,2023-06-12T19:25:20,0.79,Partially cloudy,Partly cloudy throughout the day.,partly-cloudy-day,"42647099999,42654099999,VAAH,42744099999"
"Ahmedabad, GJ, India",2023-06-13,98.7,86,90.6,107.6,93.4,100.1,73.9,59.3,0,0,0,,0,0,40,23,191.7,1001.4,47.2,2.4,257.7,22.2,8,30,2023-06-13T05:53:40,2023-06-13T19:25:40,0.82,Partially cloudy,Partly cloudy throughout the day.,partly-cloudy-day,"42647099999,42654099999,VAAH,42744099999"
"Ahmedabad, GJ, India",2023-06-14,99.4,86,90.2,114,96.5,101.4,75.7,63.6,0,0,0,,0,0,32.2,20.8,196.8,1002.7,56.2,2.6,238.4,20.5,8,30,2023-06-14T05:53:46,2023-06-14T19:25:59,0.86,Partially cloudy,Partly cloudy throughout the day.,partly-cloudy-day,"42647099999,42654099999,VAAH,42744099999"
"Ahmedabad, GJ, India",2023-06-15,95,80.5,86.4,105.2,85.9,96.4,76.3,72.9,0.079,100,4.17,rain,0,0,46.1,34.4,186.3,1002.3,64.9,2.8,179.3,15.4,6,30,2023-06-15T05:53:52,2023-06-15T19:26:17,0.9,"Rain, Partially cloudy",Partly cloudy throughout the day with morning rain.,rain,"42647099999,42654099999,VAAH,42744099999,remote"
"Ahmedabad, GJ, India",2023-06-16,89.1,79.8,83.9,100.5,79.8,93.5,77.5,81.4,1.142,100,16.67,rain,0,0,40.3,28.9,190.4,999.4,90.2,1.5,156.5,13.5,6,10,2023-06-16T05:54:00,2023-06-16T19:26:35,0.93,"Rain, Overcast",Cloudy skies throughout the day with a chance of rain throughout the day.,rain,"42647099999,42654099999,VAAH,42744099999"
"Ahmedabad, GJ, India",2023-06-17,91.4,78.8,84.7,105.1,78.8,94.1,76.7,77.5,0.611,100,8.33,rain,0,0,34.4,23,215.1,1000.3,90.7,1.7,200.2,17.4,8,10,2023-06-17T05:54:08,2023-06-17T19:26:52,0.97,"Rain, Overcast",Cloudy skies throughout the day with rain.,rain,"42647099999,42654099999,VAAH,42744099999"
"Ahmedabad, GJ, India",2023-06-18,93.3,80.6,86.2,107.8,87.1,96.1,76.4,73.7,0.15,100,8.33,rain,0,0,32.2,20.8,240,1002.7,85,2.3,144.4,12.5,5,10,2023-06-18T05:54:18,2023-06-18T19:27:08,0,"Rain, Partially cloudy",Partly cloudy throughout the day with rain clearing later.,rain,"42647099999,42654099999,VAAH,42744099999"
"Ahmedabad, GJ, India",2023-06-19,95.4,82.4,87.4,105.8,89.4,96.9,75.4,69,0.004,100,4.17,rain,0,0,22.8,13.9,240.7,1003,57.5,2.5,205.1,17.8,7,10,2023-06-19T05:54:28,2023-06-19T19:27:23,0.04,"Rain, Partially cloudy",Partly cloudy throughout the day with morning rain.,rain,"42647099999,42654099999,VAAH,42744099999"
"Ahmedabad, GJ, India",2023-06-20,96.1,82.4,88,113,88.2,97,74.4,65.1,0,0,0,,0,0,19.9,13.9,244.4,1002.5,60.9,3.1,238.9,20.5,7,10,2023-06-20T05:54:39,2023-06-20T19:27:38,0.07,Partially cloudy,Partly cloudy throughout the day.,partly-cloudy-day,"42647099999,42654099999,VAAH,42744099999,remote"
"Ahmedabad, GJ, India",2023-06-21,97.6,82.4,89.1,106.9,88.2,97.9,73.9,62.2,0,0,0,,0,0,17.7,11.4,239.8,1003,45.7,2.6,203.3,17.6,8,10,2023-06-21T05:54:51,2023-06-21T19:27:51,0.1,Partially cloudy,Partly cloudy throughout the day.,partly-cloudy-day,"42647099999,42654099999,VAAH,42744099999"
"Ahmedabad, GJ, India",2023-06-22,97.3,84.2,89.6,107.1,90.9,98.3,73.6,60.7,0,0,0,,0,0,18.6,15,255.5,1003.2,51.2,2.7,233,19.9,8,10,2023-06-22T05:55:04,2023-06-22T19:28:04,0.13,Partially cloudy,Partly cloudy throughout the day.,partly-cloudy-day,"42647099999,42654099999,VAAH,42744099999"
"Ahmedabad, GJ, India",2023-06-23,95.6,84.2,89.8,105.4,92.4,98.6,73.6,59.9,0,0,0,,0,0,17.7,12.5,250.8,1002.6,65,2.8,217.7,18.9,7,10,2023-06-23T05:55:18,2023-06-23T19:28:15,0.17,Partially cloudy,Partly cloudy throughout the day.,partly-cloudy-day,"42647099999,42654099999,VAAH,42744099999"
"Ahmedabad, GJ, India",2023-06-24,90.6,84.2,86.9,103.3,91.9,97.5,76.1,70.5,0,0,0,rain,0,0,20.4,10.3,228.3,1001.8,91.3,2.3,150.3,13,6,10,2023-06-24T05:55:33,2023-06-24T19:28:26,0.2,Overcast,Cloudy skies throughout the day.,cloudy,"42647099999,42654099999,VAAH,42744099999"
"Ahmedabad, GJ, India",2023-06-25,92.8,80.6,85.2,107.4,86.1,94.7,76.1,74.7,0,0,0,rain,0,0,19.7,12.8,211.7,1001.2,82.5,2.3,130.5,11.2,6,10,2023-06-25T05:55:48,2023-06-25T19:28:36,0.23,Partially cloudy,Partly cloudy throughout the day.,partly-cloudy-day,"42647099999,42654099999,VAAH,42744099999"
"Ahmedabad, GJ, India",2023-06-26,86.6,78.8,81.7,99.3,78.8,88.8,76.4,84.3,0.629,100,8.33,rain,0,0,19.9,9.2,216.4,1002.3,86.1,2,131,11.3,5,10,2023-06-26T05:56:04,2023-06-26T19:28:45,0.25,"Rain, Partially cloudy",Partly cloudy throughout the day with afternoon rain.,rain,"42647099999,42654099999,VAAH,42744099999"
"Ahmedabad, GJ, India",2023-06-27,90.4,78.6,82.6,106.2,78.6,90,76.9,83.1,0.012,100,4.17,rain,0,0,19.7,15,234.4,1002,81.6,2.9,198.7,17.1,8,10,2023-06-27T05:56:21,2023-06-27T19:28:53,0.3,"Rain, Partially cloudy",Partly cloudy throughout the day with morning rain.,rain,"42647099999,42654099999,VAAH,42744099999,remote"
"Ahmedabad, GJ, India",2023-06-28,90.2,80.6,84,108.7,87.1,94.8,78.2,83.1,0.091,100,8.33,rain,0,0,23,11.4,230,1002.4,94.7,1.8,135.8,11.7,4,30,2023-06-28T05:56:38,2023-06-28T19:29:00,0.33,"Rain, Overcast",Cloudy skies throughout the day with rain.,rain,"42647099999,42654099999,VAAH,42744099999"
"Ahmedabad, GJ, India",2023-06-29,83.1,78.8,81.1,94.9,78.8,89.3,78.8,92.7,2.638,100,8.33,rain,0,0,17,13.9,232.2,1002,99.8,1.5,79.6,6.8,3,30,2023-06-29T05:56:57,2023-06-29T19:29:06,0.36,"Rain, Overcast",Cloudy skies throughout the day with rain in the morning and afternoon.,rain,"42647099999,42654099999,VAAH,42744099999"
"Ahmedabad, GJ, India",2023-06-30,91.4,77,82.1,105,77,86.8,76.4,84.1,1.731,100,12.5,rain,0,0,22.8,13.9,243.3,1001.2,81.5,2.1,151.1,13,7,30,2023-06-30T05:57:15,2023-06-30T19:29:10,0.39,"Rain, Partially cloudy",Partly cloudy throughout the day with rain.,rain,"42647099999,42654099999,VAAH,42744099999"
"Ahmedabad, GJ, India",2023-07-01,86.2,78.7,80.5,100.9,78.7,84.4,78,92.2,0.591,100,16.67,rain,0,0,19,11.4,229.4,1002.5,94.2,1.8,86.8,7.7,4,10,2023-07-01T05:57:35,2023-07-01T19:29:14,0.43,"Rain, Overcast",Cloudy skies throughout the day with rain.,rain,"42647099999,42654099999,VAAH,42744099999"
"Ahmedabad, GJ, India",2023-07-02,93.2,78.8,85.3,110,78.8,95.8,77.7,79.1,0,0,0,,0,0,13.9,8.1,222.8,1003.1,67.8,2.4,175.3,15.3,7,30,2023-07-02T05:57:55,2023-07-02T19:29:17,0.46,Partially cloudy,Partly cloudy throughout the day.,partly-cloudy-day,"42647099999,42654099999,VAAH,42744099999"
"Ahmedabad, GJ, India",2023-07-03,95,80.6,87,110.3,87.1,99.2,77.9,75.6,0,0,0,rain,0,0,14.3,9.2,205.3,1001.8,47.5,2.2,247,21.4,8,30,2023-07-03T05:58:15,2023-07-03T19:29:18,0.5,Partially cloudy,Partly cloudy throughout the day.,partly-cloudy-day,"42647099999,42654099999,VAAH,42744099999"
"Ahmedabad, GJ, India",2023-07-04,94.7,82.4,88.1,111.8,92.4,101.6,78.3,73.7,0,0,0,,0,0,15.2,9.2,218.3,999.5,53.8,2.4,224.7,19.3,7,30,2023-07-04T05:58:36,2023-07-04T19:29:19,0.53,Partially cloudy,Partly cloudy throughout the day.,partly-cloudy-day,"42647099999,42654099999,VAAH,42744099999"
"Ahmedabad, GJ, India",2023-07-05,93.9,82.4,88.1,112,94.1,103.2,79.3,76,0,0,0,rain,0,0,14.5,10.3,256.9,997.8,56.6,2.1,223.8,19.4,7,30,2023-07-05T05:58:58,2023-07-05T19:29:18,0.56,Partially cloudy,Partly cloudy throughout the day.,partly-cloudy-day,"42647099999,42654099999,VAAH,42744099999"
"Ahmedabad, GJ, India",2023-07-06,89.6,75.2,82.9,102.5,75.2,90.1,76.4,81.6,0.827,100,8.33,rain,0,0,23,11.4,313.1,999.5,84.8,2,126.1,10.7,5,30,2023-07-06T05:59:20,2023-07-06T19:29:16,0.6,"Rain, Partially cloudy",Partly cloudy throughout the day with early morning rain.,rain,"42647099999,42654099999,VAAH,42744099999"
"Ahmedabad, GJ, India",2023-07-07,89.6,78.8,84.1,105.2,78.8,94.8,78.7,84.4,2.008,100,4.17,rain,0,0,13,10.3,212.9,999.7,92.3,1.9,152.1,13,6,30,2023-07-07T05:59:42,2023-07-07T19:29:13,0.63,"Rain, Overcast",Cloudy skies throughout the day with late afternoon rain.,rain,"42647099999,42654099999,VAAH,42744099999"
"Ahmedabad, GJ, India",2023-07-08,87.8,80.4,82.8,105.1,87,93.3,79,88.5,0.63,100,16.67,rain,0,0,27.7,13.9,210.6,1000,91.6,2.3,137.7,11.9,6,30,2023-07-08T06:00:05,2023-07-08T19:29:09,0.67,"Rain, Overcast",Cloudy skies throughout the day with rain.,rain,"42647099999,42654099999,VAAH,42744099999,remote"
"Ahmedabad, GJ, India",2023-07-09,86,80.4,81.9,99.3,87.1,91.1,78.7,90.1,1.929,100,12.5,rain,0,0,16.8,11.4,238.8,1001.2,97.1,1.7,75.8,6.6,3,30,2023-07-09T06:00:28,2023-07-09T19:29:04,0.7,"Rain, Overcast",Cloudy skies throughout the day with a chance of rain throughout the day.,rain,"42647099999,42654099999,VAAH,42744099999"
"Ahmedabad, GJ, India",2023-07-10,86.6,80.6,82.9,103.1,88.1,93.5,79.2,88.7,0.118,100,4.17,rain,0,0,19.9,15,241.8,1002.3,93.4,1.8,78.4,6.5,3,30,2023-07-10T06:00:52,2023-07-10T19:28:57,0.75,"Rain, Overcast",Cloudy skies throughout the day with early morning rain.,rain,"42647099999,42654099999,VAAH,42744099999"
"Ahmedabad, GJ, India",2023-07-11,91.8,80.6,85.6,107.8,87.1,97.3,78.1,79.2,0,0,0,rain,0,0,21,15,268.1,1003.2,80.1,2.3,159.5,13.9,6,30,2023-07-11T06:01:16,2023-07-11T19:28:49,0.77,Partially cloudy,Partly cloudy throughout the day.,partly-cloudy-day,"42647099999,42654099999,VAAH,42744099999"
"Ahmedabad, GJ, India",2023-07-12,89.6,82.4,85.2,104,90.8,96.9,78.1,79.6,0,0,0,,0,0,15,13.9,249.9,1002.6,82.8,2.9,79,6.9,3,30,2023-07-12T06:01:40,2023-07-12T19:28:41,0.81,Partially cloudy,Partly cloudy throughout the day.,partly-cloudy-day,"42647099999,42654099999,VAAH,42744099999,remote"
"Ahmedabad, GJ, India",2023-07-13,93.6,80.6,86.8,111,87.1,99.1,78.1,76.2,0,0,0,rain,0,0,17.2,12.8,252.8,1002.2,56.9,2.5,165.9,14.3,7,10,2023-07-13T06:02:05,2023-07-13T19:28:31,0.84,Partially cloudy,Partly cloudy throughout the day.,partly-cloudy-day,"42647099999,42654099999,VAAH,42744099999"
"Ahmedabad, GJ, India",2023-07-14,93.2,82.4,86.7,110.4,90.8,98.9,77.9,76,0,0,0,rain,0,0,15.7,13.9,240.9,1003.4,71.8,2.5,191.1,16.5,7,30,2023-07-14T06:02:29,2023-07-14T19:28:19,0.88,Partially cloudy,Partly cloudy throughout the day.,partly-cloudy-day,"42647099999,42654099999,VAAH,42744099999"
"Ahmedabad, GJ, India",2023-07-15,92.1,80.6,85.5,108.1,87.1,96.4,77.5,77.9,0,0,0,rain,0,0,18.6,15,232.6,1003.6,68.8,2.4,176.8,15.3,6,10,2023-07-15T06:02:54,2023-07-15T19:28:07,0.91,Partially cloudy,Partly cloudy throughout the day.,partly-cloudy-day,"42647099999,42654099999,VAAH,42744099999"
"Ahmedabad, GJ, India",2023-07-16,93.4,80.6,86.8,110.3,87.1,98,77.2,74.1,0.039,100,4.17,rain,0,0,19.5,13.9,239.2,1002.7,58.2,2.7,199.8,17.3,7,10,2023-07-16T06:03:20,2023-07-16T19:27:53,0.95,"Rain, Partially cloudy",Partly cloudy throughout the day with afternoon rain.,rain,"42647099999,42654099999,VAAH,42744099999"
"Ahmedabad, GJ, India",2023-07-17,93.2,81.3,87.1,108.8,89.2,98.7,77.2,73.3,0,0,0,rain,0,0,15.9,12.8,233.4,1001.7,56.2,2.6,173.5,15,6,10,2023-07-17T06:03:45,2023-07-17T19:27:39,0.98,Partially cloudy,Partly cloudy throughout the day.,partly-cloudy-day,"42647099999,42654099999,VAAH,42744099999"
"Ahmedabad, GJ, India",2023-07-18,93.2,80.6,86.3,110.5,88.1,100.1,79.3,80.2,0.118,100,8.33,rain,0,0,17.2,9.2,245.8,1000.3,78.8,2.4,183.6,16.2,7,30,2023-07-18T06:04:10,2023-07-18T19:27:23,0,"Rain, Partially cloudy",Partly cloudy throughout the day with rain.,rain,"42647099999,42654099999,VAAH,42744099999"
"Ahmedabad, GJ, India",2023-07-19,88,80.6,83.7,105.9,88.1,96.9,80.4,89.9,0.472,100,8.33,rain,0,0,22.1,9.2,250.4,998.7,92.1,1.6,141.4,12.4,6,30,2023-07-19T06:04:36,2023-07-19T19:27:05,0.05,"Rain, Overcast",Cloudy skies throughout the day with afternoon rain.,rain,"42647099999,42654099999,VAAH,42744099999"
"Ahmedabad, GJ, India",2023-07-20,95,78.8,85.3,118.8,78.8,98.2,79.9,84.7,2.087,100,4.17,rain,0,0,15.7,16.1,241.9,998.3,78.8,2.1,126.7,10.9,5,30,2023-07-20T06:05:02,2023-07-20T19:26:47,0.08,"Rain, Partially cloudy",Partly cloudy throughout the day with early morning rain.,rain,"42647099999,42654099999,VAAH,42744099999"
"Ahmedabad, GJ, India",2023-07-21,91.5,80.6,84.9,108.8,88.1,97.2,79,83.1,0,0,0,rain,0,0,15.2,6.9,234.6,1000.9,83.8,2,148.4,12.8,6,60,2023-07-21T06:05:28,2023-07-21T19:26:27,0.12,Partially cloudy,Partly cloudy throughout the day.,partly-cloudy-day,"42647099999,42654099999,VAAH,42744099999"
"Ahmedabad, GJ, India",2023-07-22,93.2,77,84,117.1,77,95.1,79.6,87.3,7.3,100,12.5,rain,0,0,14.1,13.9,262.7,1001,85.9,2,122.1,10.4,5,30,2023-07-22T06:05:54,2023-07-22T19:26:07,0.15,"Rain, Partially cloudy",Partly cloudy throughout the day with rain.,rain,"42647099999,42654099999,VAAH,42744099999"
"Ahmedabad, GJ, India",2023-07-23,89.6,78.8,83.2,107.5,78.8,92,78.5,86.3,0.118,100,4.17,rain,0,0,15.7,10.1,158.2,999.6,89.5,2.9,145.9,12.6,6,30,2023-07-23T06:06:19,2023-07-23T19:25:45,0.18,"Rain, Partially cloudy",Partly cloudy throughout the day with early morning rain.,rain,"42647099999,42654099999,VAAH,42744099999,remote"
"Ahmedabad, GJ, India",2023-07-24,91.3,78.8,83.4,108.1,78.8,93.6,78.5,85.7,0.178,100,12.5,rain,0,0,23,15,209.7,1000.1,81.6,2.1,109,9.5,5,30,2023-07-24T06:06:45,2023-07-24T19:25:22,0.22,"Rain, Partially cloudy",Partly cloudy throughout the day with rain.,rain,"42647099999,42654099999,VAAH,42744099999"
"Ahmedabad, GJ, India",2023-07-25,91.8,80.6,84.6,110.6,87.1,95.8,78.3,82.1,0.02,100,4.17,rain,0,0,16.6,13.9,228.3,1002.3,64,2.4,135.6,11.6,5,30,2023-07-25T06:07:11,2023-07-25T19:24:58,0.25,"Rain, Partially cloudy",Partly cloudy throughout the day with morning rain.,rain,"42647099999,42654099999,VAAH,42744099999"
"Ahmedabad, GJ, India",2023-07-26,91.8,80.6,85.5,107.8,87.1,97,78,79.1,0,0,0,rain,0,0,13.9,10.3,240.1,1003.7,65.9,2.6,199.5,17.4,7,30,2023-07-26T06:07:37,2023-07-26T19:24:32,0.25,Partially cloudy,Partly cloudy throughout the day.,partly-cloudy-day,"42647099999,42654099999,VAAH,42744099999"
"Ahmedabad, GJ, India",2023-07-27,90,81.9,85.8,105.3,90.8,98.4,78.7,79.8,0.28,100,8.33,rain,0,0,20.4,11.4,280,1003.5,60.6,2.3,185.4,15.9,7,30,2023-07-27T06:08:03,2023-07-27T19:24:06,0.32,"Rain, Partially cloudy",Partly cloudy throughout the day with late afternoon rain.,rain,"42647099999,42654099999,VAAH,42744099999"
"Ahmedabad, GJ, India",2023-07-28,87.9,82.4,85,102.3,90.8,95.5,77.1,77.7,0.024,100,4.17,rain,0,0,25.9,18.3,263.1,1003.1,80.4,2.5,165.6,14.2,6,10,2023-07-28T06:08:29,2023-07-28T19:23:38,0.35,"Rain, Partially cloudy",Partly cloudy throughout the day with afternoon rain.,rain,"42647099999,42654099999,VAAH,42744099999"
"Ahmedabad, GJ, India",2023-07-29,87.5,78.8,82.8,103.5,78.8,91.9,77.3,83.5,0.118,100,8.33,rain,0,0,28.2,12.8,245,1003.4,78.1,2.2,174.6,15.3,7,10,2023-07-29T06:08:54,2023-07-29T19:23:09,0.38,"Rain, Partially cloudy",Partly cloudy throughout the day with rain in the morning and afternoon.,rain,"42647099999,42654099999,VAAH,42744099999"
"Ahmedabad, GJ, India",2023-07-30,87.8,78.8,82.7,102.3,78.8,91.1,77.4,84.2,0.355,100,12.5,rain,0,0,24.2,15,246.4,1002.8,82.9,2.3,147.3,12.7,5,10,2023-07-30T06:09:20,2023-07-30T19:22:39,0.42,"Rain, Partially cloudy",Partly cloudy throughout the day with rain in the morning and afternoon.,rain,"42647099999,42654099999,VAAH,42744099999"
"Ahmedabad, GJ, India",2023-07-31,89.6,79.5,82.9,105.1,79.5,92,77.7,84.8,0.275,100,8.33,rain,0,0,22.6,15,235.5,1002.4,83.9,2.2,145.8,12.7,6,10,2023-07-31T06:09:46,2023-07-31T19:22:08,0.45,"Rain, Partially cloudy",Partly cloudy throughout the day with rain.,rain,"42647099999,42654099999,VAAH,42744099999"
"Ahmedabad, GJ, India",2023-08-01,84.2,78.8,81.6,98.2,78.8,89.4,77.3,87,0.236,100,8.33,rain,0,0,24.2,11.4,250.3,1002.2,90.4,2.2,151.1,13.1,6,10,2023-08-01T06:10:11,2023-08-01T19:21:36,0.48,"Rain, Overcast",Cloudy skies throughout the day with rain in the morning and afternoon.,rain,"42647099999,42654099999,VAAH,42744099999"
"Ahmedabad, GJ, India",2023-08-02,87.8,78.8,83.3,99.9,78.8,91.8,76.8,81.3,0.039,100,4.17,rain,0,0,26.4,15,237.4,1002.6,88.1,2.4,177.3,15.4,6,10,2023-08-02T06:10:36,2023-08-02T19:21:03,0.5,"Rain, Partially cloudy",Partly cloudy throughout the day with late afternoon rain.,rain,"42647099999,42654099999,VAAH,42744099999"
"Ahmedabad, GJ, India",2023-08-03,87,80.6,83.8,99.4,86.1,93.5,77.2,80.8,0.004,100,4.17,rain,0,0,25.9,12.8,226.4,1002.3,89.3,2.4,130,11.1,5,10,2023-08-03T06:11:01,2023-08-03T19:20:29,0.55,"Rain, Partially cloudy",Partly cloudy throughout the day with afternoon rain.,rain,"42647099999,42654099999,VAAH,42744099999"
"Ahmedabad, GJ, India",2023-08-04,88,81,84.3,102.3,88.2,94.5,77.2,79.4,0,0,0,rain,0,0,23,13.9,226.8,1003.2,88.8,2.2,128.6,11,7,10,2023-08-04T06:11:26,2023-08-04T19:19:53,0.59,Partially cloudy,Partly cloudy throughout the day.,partly-cloudy-day,"42647099999,42654099999,VAAH,42744099999"
"Ahmedabad, GJ, India",2023-08-05,88.6,78.8,84.2,102.5,78.8,94,77.7,81.2,0.213,100,8.33,rain,0,0,23,103.6,232.1,1005.2,92.4,2.4,180,15.6,7,10,2023-08-05T06:11:51,2023-08-05T19:19:17,0.62,"Rain, Overcast",Cloudy skies throughout the day with rain clearing later.,rain,"42647099999,42654099999,VAAH,42744099999"
"Ahmedabad, GJ, India",2023-08-06,90.3,80.6,85.4,102.7,86.1,94.8,76.1,74.5,0,0,0,rain,0,0,26.4,16.1,241.2,1004.3,86.5,2.6,165.8,14.4,6,5,2023-08-06T06:12:16,2023-08-06T19:18:40,0.65,Partially cloudy,Partly cloudy throughout the day.,partly-cloudy-day,"42647099999,42654099999,VAAH,42744099999"
"Ahmedabad, GJ, India",2023-08-07,88.5,80.6,84.4,99,86.1,92.4,75.1,74.1,0,0,0,rain,0,0,29.8,16.1,230.7,1002.7,94.8,2.5,167.7,14.6,6,5,2023-08-07T06:12:40,2023-08-07T19:18:01,0.69,Overcast,Cloudy skies throughout the day.,cloudy,"42647099999,42654099999,VAAH,42744099999"
"Ahmedabad, GJ, India",2023-08-08,90,80.6,85.1,101.8,86.1,93.7,75.4,73.1,0,0,0,rain,0,0,28.9,17.2,228.1,1003.1,89.2,2.5,148.7,12.9,6,10,2023-08-08T06:13:04,2023-08-08T19:17:22,0.75,Partially cloudy,Partly cloudy throughout the day.,partly-cloudy-day,"42647099999,42654099999,VAAH,42744099999"
"Ahmedabad, GJ, India",2023-08-09,88.2,80.6,84.6,99.4,86.1,93.2,75.5,74.3,0,0,0,rain,0,0,25.3,16.1,235.6,1005.8,90.9,2.6,140.8,12.2,5,10,2023-08-09T06:13:28,2023-08-09T19:16:42,0.76,Overcast,Cloudy skies throughout the day.,cloudy,"42647099999,42654099999,VAAH,42744099999"
"Ahmedabad, GJ, India",2023-08-10,87.8,80.6,83.3,102.3,86.1,91.8,76.2,79.2,0.036,100,8.33,rain,0,0,23.5,15,234.6,1007,83.9,2.6,189.6,16.4,7,10,2023-08-10T06:13:52,2023-08-10T19:16:01,0.79,"Rain, Partially cloudy",Partly cloudy throughout the day with rain clearing later.,rain,"42647099999,42654099999,VAAH,42744099999"
"Ahmedabad, GJ, India",2023-08-11,89.5,78.8,83.1,101.1,78.8,90,75.5,78.2,0.197,100,4.17,rain,0,0,20.6,9.2,239.3,1007,77.7,2.4,190.4,16.4,7,10,2023-08-11T06:14:16,2023-08-11T19:15:18,0.82,"Rain, Partially cloudy",Partly cloudy throughout the day with afternoon rain.,rain,"42647099999,42654099999,VAAH,42744099999"
"Ahmedabad, GJ, India",2023-08-12,87.8,78.8,82.6,98.7,78.8,88.5,74.7,77.5,0.079,100,4.17,rain,0,0,25.1,13.9,245.9,1006,69.2,2.4,200.1,17.2,7,10,2023-08-12T06:14:39,2023-08-12T19:14:35,0.86,"Rain, Partially cloudy",Partly cloudy throughout the day with afternoon rain.,rain,"42647099999,42654099999,VAAH,42744099999"
"Ahmedabad, GJ, India",2023-08-13,89.6,78.8,84.2,100.5,78.8,91.9,74.9,74,0,0,0,rain,0,0,26.4,15,230.8,1003.7,82.9,2.5,156.9,13.6,6,10,2023-08-13T06:15:02,2023-08-13T19:13:52,0.89,Partially cloudy,Partly cloudy throughout the day.,partly-cloudy-day,"42647099999,42654099999,VAAH,42744099999"
"Ahmedabad, GJ, India",2023-08-14,89.8,80.6,84.4,104.3,86.1,93.2,75.8,75.8,0,0,0,rain,0,0,23.7,17.2,222.4,1004.5,85.5,2.7,132.3,11.4,5,10,2023-08-14T06:15:25,2023-08-14T19:13:07,0.93,Partially cloudy,Partly cloudy throughout the day.,partly-cloudy-day,"42647099999,42654099999,VAAH,42744099999"
"Ahmedabad, GJ, India",2023-08-15,91.6,80.4,85.5,105.5,85.9,94.6,75.7,73.3,0,0,0,rain,0,0,19.5,13.9,221.4,1005.7,84.7,2.7,156.7,13.7,6,10,2023-08-15T06:15:48,2023-08-15T19:12:21,0.96,Partially cloudy,Partly cloudy throughout the day.,partly-cloudy-day,"42647099999,42654099999,VAAH,42744099999"
"Ahmedabad, GJ, India",2023-08-16,91.3,80.6,85.3,100.6,86.1,93.3,74.6,70.9,0,0,0,rain,0,0,17.4,12.8,243.8,1006.8,73.4,2.7,194.3,16.6,8,10,2023-08-16T06:16:10,2023-08-16T19:11:35,0,Partially cloudy,Partly cloudy throughout the day.,partly-cloudy-day,"42647099999,42654099999,VAAH,42744099999"
"Ahmedabad, GJ, India",2023-08-17,88.3,78.8,83.6,96.6,78.8,89.4,73.3,71.6,0,0,0,rain,0,0,19.9,13.9,259,1006.9,75.6,2.5,162.1,14,6,10,2023-08-17T06:16:33,2023-08-17T19:10:47,0.03,Partially cloudy,Partly cloudy throughout the day.,partly-cloudy-day,"42647099999,42654099999,VAAH,42744099999"
"Ahmedabad, GJ, India",2023-08-18,91.4,78.8,84.6,97,78.8,88.7,71.8,66.9,0,0,0,,0,0,18.8,10.3,259,1005.7,49.4,2.7,194.2,16.8,7,10,2023-08-18T06:16:55,2023-08-18T19:09:59,0.06,Partially cloudy,Partly cloudy throughout the day.,partly-cloudy-day,"42647099999,42654099999,VAAH,42744099999"
"Ahmedabad, GJ, India",2023-08-19,89.6,78.8,84.5,96.6,78.8,89.4,71.6,66,0,0,0,,0,0,20.4,11.4,274.5,1004.5,73.2,2.7,175.3,15.2,7,10,2023-08-19T06:17:17,2023-08-19T19:09:10,0.1,Partially cloudy,Partly cloudy throughout the day.,partly-cloudy-day,"42647099999,42654099999,VAAH,42744099999"
"Ahmedabad, GJ, India",2023-08-20,84.2,77,80.6,90.8,77,84,73.9,80.4,0.079,100,4.17,rain,0,0,19,11.4,273.3,1004.6,95.5,2.9,67.2,5.8,3,10,2023-08-20T06:17:38,2023-08-20T19:08:21,0.13,"Rain, Overcast",Cloudy skies throughout the day with morning rain.,rain,"42647099999,42654099999,VAAH,42744099999,remote"
"Ahmedabad, GJ, India",2023-08-21,88.4,77,81.8,99.5,77,87.6,75.2,80.8,0,0,0,rain,0,0,16.8,11.4,244.5,1004.7,89.3,2.5,105.1,9,3,10,2023-08-21T06:17:59,2023-08-21T19:07:30,0.17,Partially cloudy,Partly cloudy throughout the day.,partly-cloudy-day,"42647099999,42654099999,VAAH,42744099999"
"Ahmedabad, GJ, India",2023-08-22,87.8,80.6,84.4,99.4,85.3,92.4,74.8,73.2,0.012,100,4.17,rain,0,0,16.3,11.4,258.7,1004.5,83.8,2.6,132.5,11.4,6,10,2023-08-22T06:18:21,2023-08-22T19:06:39,0.2,"Rain, Partially cloudy",Partly cloudy throughout the day with afternoon rain.,rain,"42647099999,42654099999,VAAH,42744099999"
"Ahmedabad, GJ, India",2023-08-23,91.4,80.6,85.2,100.5,85.3,93.1,74.5,71.1,0.012,100,4.17,rain,0,0,22.6,13.9,241.1,1003.8,72,2.7,162.2,13.9,6,10,2023-08-23T06:18:42,2023-08-23T19:05:48,0.23,"Rain, Partially cloudy",Partly cloudy throughout the day with late afternoon rain.,rain,"42647099999,42654099999,VAAH,42744099999"
"Ahmedabad, GJ, India",2023-08-24,92.3,80.6,85.3,104.3,85.3,93.3,74.7,71.2,0,0,0,rain,0,0,26.4,15,231.9,1002.4,72.1,2.6,155.1,13.3,6,10,2023-08-24T06:19:02,2023-08-24T19:04:55,0.25,Partially cloudy,Partly cloudy throughout the day.,partly-cloudy-day,"42647099999,42654099999,VAAH,42744099999"
"Ahmedabad, GJ, India",2023-08-25,94,78.8,85.5,105.5,78.8,93.8,75.1,71.9,0,0,0,rain,0,0,22.6,16.1,224,1002.6,55.3,2.8,184.9,15.8,6,10,2023-08-25T06:19:23,2023-08-25T19:04:03,0.3,Partially cloudy,Partly cloudy throughout the day.,partly-cloudy-day,"42647099999,42654099999,VAAH,42744099999"
"Ahmedabad, GJ, India",2023-08-26,92.6,78.8,85.7,103.2,78.8,92.9,74.3,70,0.039,100,4.17,rain,0,0,21.7,15,232.6,1004.4,44.4,2.8,203.7,17.5,7,10,2023-08-26T06:19:43,2023-08-26T19:03:09,0.34,"Rain, Partially cloudy",Partly cloudy throughout the day with late afternoon rain.,rain,"42647099999,42654099999,VAAH,42744099999"
"Ahmedabad, GJ, India",2023-08-27,92.9,77,84.8,102.1,77,90.9,73.8,70.8,0,0,0,,0,0,21.3,13.9,247.1,1005.8,51.9,2.7,198,17,7,10,2023-08-27T06:20:03,2023-08-27T19:02:15,0.37,Partially cloudy,Partly cloudy throughout the day.,partly-cloudy-day,"42647099999,42654099999,VAAH,42744099999"
"Ahmedabad, GJ, India",2023-08-28,92.4,78.8,85,101.9,78.8,91.1,73.5,69.4,0,0,0,,0,0,23.7,13.9,234.2,1005.2,45.5,2.7,222.6,19.1,8,10,2023-08-28T06:20:23,2023-08-28T19:01:20,0.4,Partially cloudy,Partly cloudy throughout the day.,partly-cloudy-day,"42647099999,42654099999,VAAH,42744099999"
"Ahmedabad, GJ, India",2023-08-29,92.6,77,85,100.5,77,90.9,73.1,68.6,0,0,0,,0,0,17.4,15,229.6,1006.1,38.3,2.8,196.4,17,7,5,2023-08-29T06:20:43,2023-08-29T19:00:25,0.44,Partially cloudy,Partly cloudy throughout the day.,partly-cloudy-day,"42647099999,42654099999,VAAH,42744099999"
"Ahmedabad, GJ, India",2023-08-30,92.8,78.8,85.4,99.3,78.8,91.6,72.9,67.6,0,0,0,,0,0,16.1,8.1,244.1,1007.7,44.7,2.9,215.1,18.5,7,10,2023-08-30T06:21:02,2023-08-30T18:59:29,0.47,Partially cloudy,Partly cloudy throughout the day.,partly-cloudy-day,"42647099999,42654099999,VAAH,42744099999"
"Ahmedabad, GJ, India",2023-08-31,95,80.6,86.5,103.1,84.5,93.3,72.9,65,0,0,0,rain,0,0,13.2,9.2,250.1,1007.9,41.1,2.7,238.1,20.7,8,10,2023-08-31T06:21:22,2023-08-31T18:58:33,0.5,Partially cloudy,Partly cloudy throughout the day.,partly-cloudy-day,"42647099999,42654099999,VAAH,42744099999"
"Ahmedabad, GJ, India",2023-09-01,95,80.6,86.8,102.2,84.5,93.2,72.3,63.2,0,0,0,,0,0,14.5,11.4,263.1,1007.7,35.8,2.7,253.5,21.8,8,10,2023-09-01T06:21:41,2023-09-01T18:57:36,0.54,Partially cloudy,Partly cloudy throughout the day.,partly-cloudy-day,"42647099999,42654099999,VAAH,42744099999"
"Ahmedabad, GJ, India",2023-09-02,95,80.6,88,103.9,84.5,95,72.5,61.2,0,0,0,,0,0,15,9.2,282.3,1007.1,18.4,2.8,254.7,22,8,10,2023-09-02T06:22:00,2023-09-02T18:56:39,0.57,Clear,Clear conditions throughout the day.,clear-day,"42647099999,42654099999,VAAH,42744099999"
"Ahmedabad, GJ, India",2023-09-03,95,80.6,87.3,105.1,84.5,94,72.2,61.6,0,0,0,,0,0,13.9,11.4,269.7,1006,37.3,2.9,231.4,19.9,8,10,2023-09-03T06:22:19,2023-09-03T18:55:41,0.61,Partially cloudy,Partly cloudy throughout the day.,partly-cloudy-day,"42647099999,42654099999,VAAH,42744099999"
"Ahmedabad, GJ, India",2023-09-04,95.1,78.8,86.5,101.2,78.8,91.2,70.4,60.4,0,0,0,,0,0,15.4,11.4,272.4,1005,30.6,2.7,250,21.6,9,10,2023-09-04T06:22:38,2023-09-04T18:54:43,0.64,Partially cloudy,Partly cloudy throughout the day.,partly-cloudy-day,"42647099999,42654099999,VAAH,42744099999"
"Ahmedabad, GJ, India",2023-09-05,96.8,80.6,87.6,102.8,84.5,93.1,70.9,59.4,0,0,0,,0,0,17.4,9.2,281.7,1004.6,24.3,2.7,260.7,22.4,9,10,2023-09-05T06:22:56,2023-09-05T18:53:45,0.67,Partially cloudy,Partly cloudy throughout the day.,partly-cloudy-day,"42647099999,42654099999,VAAH,42744099999"
"Ahmedabad, GJ, India",2023-09-06,98.6,80.6,89,109.8,85.3,97.7,73.7,61.9,0.012,100,4.17,rain,0,0,22.4,13.9,311.4,1003.5,40.4,2.8,242.7,21,9,10,2023-09-06T06:23:15,2023-09-06T18:52:46,0.71,"Rain, Partially cloudy",Partly cloudy throughout the day with late afternoon rain.,rain,"42647099999,42654099999,VAAH,42744099999"
"Ahmedabad, GJ, India",2023-09-07,96.8,79.5,86,109.9,79.5,94.9,75.4,71.5,0.008,100,4.17,rain,0,0,25.9,11.6,348.6,1003,69.3,3.3,199.9,17.4,7,30,2023-09-07T06:23:33,2023-09-07T18:51:47,0.75,"Rain, Partially cloudy",Partly cloudy throughout the day with late afternoon rain.,rain,"42647099999,42654099999,VAAH,42744099999,remote"
"Ahmedabad, GJ, India",2023-09-08,95,77,83.4,109.9,77,90.3,76.1,79.9,0.118,100,4.17,rain,0,0,34.4,20,297.1,1003.2,77.9,2.5,135.5,11.7,6,10,2023-09-08T06:23:52,2023-09-08T18:50:48,0.77,"Rain, Partially cloudy",Partly cloudy throughout the day with late afternoon rain.,rain,"42647099999,42654099999,VAAH,42744099999"
"Ahmedabad, GJ, India",2023-09-09,91.7,78.6,84.2,105,78.6,91.1,76.4,78.4,0.787,100,8.33,rain,0,0,23.7,11.4,261.2,1002.9,64,2.6,189.3,16.2,7,10,2023-09-09T06:24:10,2023-09-09T18:49:48,0.81,"Rain, Partially cloudy",Partly cloudy throughout the day with rain clearing later.,rain,"42647099999,42654099999,VAAH,42744099999"
"Ahmedabad, GJ, India",2023-09-10,91.4,80.6,84.8,102.3,86.1,92.5,74.8,72.9,0,0,0,,0,0,22.8,13.9,255.4,1002.9,47.9,3.7,233.9,20.3,8,10,2023-09-10T06:24:28,2023-09-10T18:48:48,0.84,Partially cloudy,Partly cloudy throughout the day.,partly-cloudy-day,"42647099999,42654099999,VAAH,42744099999,remote"
"Ahmedabad, GJ, India",2023-09-11,92.1,78.8,85.4,103.6,78.8,92.6,74.2,70.1,0,0,0,,0,0,22.6,16.1,261.7,1003.8,46.6,2.7,210.5,18.1,7,10,2023-09-11T06:24:46,2023-09-11T18:47:48,0.87,Partially cloudy,Partly cloudy throughout the day.,partly-cloudy-day,"42647099999,42654099999,VAAH,42744099999"
"Ahmedabad, GJ, India",2023-09-12,93.8,78.8,84.8,105.5,78.8,91.6,74.4,71.9,0,0,0,,0,0,21,12.8,247.9,1004.7,43.4,3.2,222.5,19.1,8,10,2023-09-12T06:25:04,2023-09-12T18:46:48,0.91,Partially cloudy,Partly cloudy throughout the day.,partly-cloudy-day,"42647099999,42654099999,VAAH,42744099999,remote"
"Ahmedabad, GJ, India",2023-09-13,91.4,80.6,84.9,100.6,85.3,92.8,74.7,72.2,0,0,0,,0,0,16.8,11.4,258.2,1004.4,47.4,2.7,123.5,10.7,5,10,2023-09-13T06:25:22,2023-09-13T18:45:47,0.94,Partially cloudy,Partly cloudy throughout the day.,partly-cloudy-day,"42647099999,42654099999,VAAH,42744099999"
"Ahmedabad, GJ, India",2023-09-14,92,80.6,85.9,100.2,85.3,93.5,74,68.5,0,0,0,,0,0,16.1,9.2,269.1,1004.6,65.9,2.7,174.2,15,7,10,2023-09-14T06:25:41,2023-09-14T18:44:47,0.97,Partially cloudy,Partly cloudy throughout the day.,partly-cloudy-day,"42647099999,42654099999,VAAH,42744099999"
"Ahmedabad, GJ, India",2023-09-15,86.6,78.8,83.4,97,78.8,90.5,74.7,75.3,0.197,100,4.17,rain,0,0,17.2,9.2,274.5,1004.7,83.1,2.4,146.4,12.6,5,10,2023-09-15T06:25:59,2023-09-15T18:43:46,0,"Rain, Partially cloudy",Partly cloudy throughout the day with afternoon rain.,rain,"42647099999,42654099999,VAAH,42744099999"
"Ahmedabad, GJ, India",2023-09-16,86.7,78.8,83,96.8,78.8,89.9,75.2,77.6,0.024,100,4.17,rain,0,0,26.4,13.9,273,1002.7,91.6,2.6,134,11.5,5,10,2023-09-16T06:26:17,2023-09-16T18:42:45,0.04,"Rain, Overcast",Cloudy skies throughout the day with late afternoon rain.,rain,"42647099999,42654099999,VAAH,42744099999"
"Ahmedabad, GJ, India",2023-09-17,80.6,77,78.4,87.1,77,78.9,76.1,92.9,5.37,100,33.33,rain,0,0,30.2,16.1,246.3,1000,98.8,1.6,44.1,3.9,1,10,2023-09-17T06:26:35,2023-09-17T18:41:44,0.08,"Rain, Overcast",Cloudy skies throughout the day with a chance of rain throughout the day.,rain,"42647099999,42654099999,VAAH,42744099999"
"Ahmedabad, GJ, India",2023-09-18,82.4,77,78.8,92.4,77,80.4,76.1,91.8,0.197,100,8.33,rain,0,0,24.2,16.1,230.7,1000.7,94.7,2.3,26.8,2.4,1,10,2023-09-18T06:26:53,2023-09-18T18:40:43,0.11,"Rain, Overcast",Cloudy skies throughout the day with rain.,rain,"42647099999,42654099999,VAAH,42744099999,remote"
"Ahmedabad, GJ, India",2023-09-19,86.7,77,80.8,100.1,77,85,76.8,88.2,0.327,100,8.33,rain,0,0,26.2,13.9,209.9,1003,79.6,2,148.7,12.9,6,10,2023-09-19T06:27:11,2023-09-19T18:39:42,0.15,"Rain, Partially cloudy",Partly cloudy throughout the day with rain.,rain,"42647099999,42654099999,VAAH,42744099999"
"Ahmedabad, GJ, India",2023-09-20,90.4,78.7,84.1,104,78.7,92.3,77,80.3,0.106,100,4.17,rain,0,0,18.6,7.5,182.5,1004.9,56.8,2.5,157.2,13.5,7,30,2023-09-20T06:27:29,2023-09-20T18:38:41,0.18,"Rain, Partially cloudy",Partly cloudy throughout the day with early morning rain.,rain,"42647099999,42654099999,VAAH,42744099999"
"Ahmedabad, GJ, India",2023-09-21,93.2,78.8,85.3,105.4,78.8,94.7,76.6,76.4,0,0,0,rain,0,0,13.6,10.3,199.6,1006.1,46.4,2.5,219.7,19.1,7,30,2023-09-21T06:27:48,2023-09-21T18:37:40,0.22,Partially cloudy,Partly cloudy throughout the day.,partly-cloudy-day,"42647099999,42654099999,VAAH,42744099999"
"Ahmedabad, GJ, India",2023-09-22,92.9,80.6,86.1,105,87.1,96.3,76.8,74.9,0,0,0,rain,0,0,13,8.1,235.4,1006.4,37.7,2.5,179.9,15.5,6,30,2023-09-22T06:28:06,2023-09-22T18:36:40,0.25,Partially cloudy,Partly cloudy throughout the day.,partly-cloudy-day,"42647099999,42654099999,VAAH,42744099999"
"Ahmedabad, GJ, India",2023-09-23,93.2,82.4,86.4,107.6,90.8,98.8,78.3,77.7,0,0,0,rain,0,0,13.4,11.4,260.9,1006.8,56.4,2.8,223.4,19.2,8,30,2023-09-23T06:28:25,2023-09-23T18:35:39,0.25,Partially cloudy,Partly cloudy throughout the day.,partly-cloudy-day,"42647099999,42654099999,VAAH,42744099999"
"Ahmedabad, GJ, India",2023-09-24,92.7,79.6,84.7,106.9,79.6,94.4,77,78.2,0.433,100,4.17,rain,0,0,14.1,9.2,245,1006.9,57,2.5,168.5,14.8,7,60,2023-09-24T06:28:43,2023-09-24T18:34:38,0.32,"Rain, Partially cloudy",Partly cloudy throughout the day with afternoon rain.,rain,"42647099999,42654099999,VAAH,42744099999"
"Ahmedabad, GJ, India",2023-09-25,91.4,78.8,84.4,108.1,78.8,93.9,77,79.2,0,0,0,rain,0,0,14.8,8.1,235.1,1006.3,55.5,2.5,158,13.6,6,30,2023-09-25T06:29:02,2023-09-25T18:33:37,0.36,Partially cloudy,Partly cloudy throughout the day.,partly-cloudy-day,"42647099999,42654099999,VAAH,42744099999"
"Ahmedabad, GJ, India",2023-09-26,93.2,80.6,84.7,116.8,85.3,94.8,77,78.5,0.012,100,4.17,rain,0,0,11,10.3,276.5,1006.7,34.4,2.5,231.7,19.8,8,60,2023-09-26T06:29:21,2023-09-26T18:32:37,0.39,"Rain, Partially cloudy",Partly cloudy throughout the day with afternoon rain.,rain,"42647099999,42654099999,VAAH,42744099999"
"Ahmedabad, GJ, India",2023-09-27,95,78.8,86.4,116.1,78.8,97.6,77.5,75.9,0,0,0,rain,0,0,15,11.4,1.2,1006.6,39.2,2.7,213.1,18.4,8,60,2023-09-27T06:29:40,2023-09-27T18:31:37,0.43,Partially cloudy,Partly cloudy throughout the day.,partly-cloudy-day,"42647099999,42654099999,VAAH,42744099999"
"Ahmedabad, GJ, India",2023-09-28,93.9,78.7,83.9,113.6,78.7,91.8,75.4,76.2,0.035,100,4.17,rain,0,0,16.1,26.8,37.9,1006.3,59.7,2.4,202.1,17.7,8,60,2023-09-28T06:30:00,2023-09-28T18:30:37,0.46,"Rain, Partially cloudy",Partly cloudy throughout the day with afternoon rain.,rain,"42647099999,42654099999,VAAH,42744099999"
"Ahmedabad, GJ, India",2023-09-29,93.9,76.9,84.7,110.3,76.9,92.5,75.5,75,0,0,0,,0,0,13.4,6.9,16.5,1005.8,37.7,2.7,218,18.7,8,30,2023-09-29T06:30:19,2023-09-29T18:29:37,0.5,Partially cloudy,Partly cloudy throughout the day.,partly-cloudy-day,"42647099999,42654099999,VAAH,42744099999"
"Ahmedabad, GJ, India",2023-09-30,97.2,77,87.4,107.4,77,94.7,73.6,65.6,0,0,0,,0,0,13.4,8.1,13.8,1005.7,16.3,2.7,231.3,19.9,9,10,2023-09-30T06:30:39,2023-09-30T18:28:37,0.53,Clear,Clear conditions throughout the day.,clear-day,"42647099999,42654099999,VAAH,42744099999"
"Ahmedabad, GJ, India",2023-10-01,96.8,77,86.8,104,77,91.5,70.5,60.3,0,0,0,,0,0,13,6.9,336.5,1005.3,13.6,2.7,255.9,22.1,9,10,2023-10-01T06:30:59,2023-10-01T18:27:38,0.56,Clear,Clear conditions throughout the day.,clear-day,"42647099999,42654099999,VAAH,42744099999"
"Ahmedabad, GJ, India",2023-10-02,95,77,85.6,103.1,77,89,69.3,59.8,0,0,0,,0,0,13.2,5.8,306,1006.8,7.1,3.2,255.2,22.2,9,10,2023-10-02T06:31:19,2023-10-02T18:26:39,0.59,Clear,Clear conditions throughout the day.,clear-day,"42647099999,42654099999,VAAH,42744099999,remote"
"Ahmedabad, GJ, India",2023-10-03,94.4,75.2,84.8,100.2,75.2,87,65.9,54.4,0,0,0,,0,0,11.9,8.1,308.5,1008.6,7.1,3.7,257.4,22.6,9,10,2023-10-03T06:31:39,2023-10-03T18:25:40,0.63,Clear,Clear conditions throughout the day.,clear-day,"42647099999,42654099999,VAAH,42744099999,remote"
"Ahmedabad, GJ, India",2023-10-04,94,73.4,83.7,95.9,73.4,84.9,64.9,55.2,0,0,0,,0,0,14.5,11.4,301.5,1009.6,0.1,2.7,257,22.1,9,10,2023-10-04T06:32:00,2023-10-04T18:24:42,0.66,Clear,Clear conditions throughout the day.,clear-day,"42647099999,42654099999,VAAH,42744099999"
"Ahmedabad, GJ, India",2023-10-05,92.2,73.4,82.5,93.7,73.4,83.3,63.5,54.1,0,0,0,,0,0,15.4,9.2,291.5,1009.5,1.6,2.8,256,22.2,9,10,2023-10-05T06:32:21,2023-10-05T18:23:44,0.69,Clear,Clear conditions throughout the day.,clear-day,"42647099999,42654099999,VAAH,42744099999"
"Ahmedabad, GJ, India",2023-10-06,91.4,75.2,82.3,97.6,75.2,85.4,69.2,65.9,0,0,0,,0,0,15.7,10.3,286.5,1008.7,14.3,2.6,244.9,21.3,9,10,2023-10-06T06:32:42,2023-10-06T18:22:47,0.75,Clear,Clear conditions throughout the day.,clear-day,"42647099999,42654099999,VAAH,42744099999"
"Ahmedabad, GJ, India",2023-10-07,92.6,77,83.5,102,77,87,71.1,67.6,0,0,0,,0,0,12.8,9.2,291.2,1009.2,13.5,2.6,242.1,21,8,10,2023-10-07T06:33:04,2023-10-07T18:21:50,0.76,Clear,Clear conditions throughout the day.,clear-day,"42647099999,42654099999,VAAH,42744099999"
"Ahmedabad, GJ, India",2023-10-08,92.6,75.2,83.5,99.7,75.2,87.9,72.4,70.7,0,0,0,,0,0,12.5,6.9,316.4,1010.4,6.1,3.2,247.7,21.5,9,10,2023-10-08T06:33:26,2023-10-08T18:20:53,0.79,Clear,Clear conditions throughout the day.,clear-day,"42647099999,42654099999,VAAH,42744099999,remote"
"Ahmedabad, GJ, India",2023-10-09,92.8,75.2,83.9,98.9,75.2,88,71.1,66.8,0,0,0,,0,0,14.3,10.3,283.3,1011.2,6.9,2.6,247.4,21.3,8,10,2023-10-09T06:33:48,2023-10-09T18:19:57,0.82,Clear,Clear conditions throughout the day.,clear-day,"42647099999,42654099999,VAAH,42744099999"
"Ahmedabad, GJ, India",2023-10-10,90.8,77,83,96.4,77,86,69.9,65.8,0,0,0,,0,0,13.4,8.1,279.8,1011.4,9.1,2.7,248,21.5,9,10,2023-10-10T06:34:11,2023-10-10T18:19:01,0.85,Clear,Clear conditions throughout the day.,clear-day,"42647099999,42654099999,VAAH,42744099999"
"Ahmedabad, GJ, India",2023-10-11,92.8,75.2,83.6,98.1,75.2,87.3,71,67.7,0,0,0,,0,0,11.2,6.9,316.6,1011.6,12.9,2.6,246.1,21.2,8,10,2023-10-11T06:34:34,2023-10-11T18:18:07,0.89,Clear,Clear conditions throughout the day.,clear-day,"42647099999,42654099999,VAAH,42744099999"
"Ahmedabad, GJ, India",2023-10-12,95,75.2,84.5,99.3,75.2,87.2,69.8,64.4,0,0,0,,0,0,8.1,9.2,347.4,1012,3.3,3.1,227.8,19.7,8,10,2023-10-12T06:34:57,2023-10-12T18:17:12,0.92,Clear,Clear conditions throughout the day.,clear-day,"42647099999,42654099999,VAAH,42744099999,remote"
"Ahmedabad, GJ, India",2023-10-13,96,75.2,85.6,98,75.2,87.7,67.5,57.4,0,0,0,,0,0,10.7,5.8,32.6,1012.2,10.4,2.5,230.9,20.1,8,10,2023-10-13T06:35:21,2023-10-13T18:16:18,0.95,Clear,Clear conditions throughout the day.,clear-day,"42647099999,42654099999,VAAH,42744099999"
"Ahmedabad, GJ, India",2023-10-14,95.7,77,85.6,99.2,77,88.1,68.4,59.2,0,0,0,,0,0,9.4,4.7,313.4,1011.9,24.3,2.2,209.2,18.1,8,10,2023-10-14T06:35:45,2023-10-14T18:15:25,0,Partially cloudy,Partly cloudy throughout the day.,partly-cloudy-day,"42647099999,42654099999,VAAH,42744099999"
"Ahmedabad, GJ, India",2023-10-15,94,78.8,85.1,101.3,78.8,88.7,69.1,60,0.02,100,4.17,rain,0,0,13.6,9.2,312.9,1010.7,28.6,2.4,217.3,18.7,8,10,2023-10-15T06:36:09,2023-10-15T18:14:33,0.02,"Rain, Partially cloudy",Partly cloudy throughout the day with morning rain.,rain,"42647099999,42654099999,VAAH,42744099999"
"Ahmedabad, GJ, India",2023-10-16,94.4,77,84,97.8,77,86.7,69.4,63.7,0,0,0,,0,0,14.1,9.2,320.1,1010.8,11,2.7,226.3,19.6,8,10,2023-10-16T06:36:34,2023-10-16T18:13:41,0.05,Clear,Clear conditions throughout the day.,clear-day,"42647099999,42654099999,VAAH,42744099999"
"Ahmedabad, GJ, India",2023-10-17,93.4,75.2,83.8,97.6,75.2,85.7,68,60.7,0,0,0,,0,0,11,5.8,330.1,1012.3,10,2.6,222.8,19.1,8,10,2023-10-17T06:37:00,2023-10-17T18:12:50,0.09,Clear,Clear conditions throughout the day.,clear-day,"42647099999,42654099999,VAAH,42744099999"
"Ahmedabad, GJ, India",2023-10-18,93,74.9,83,96.2,74.9,84.8,67.4,61.2,0,0,0,,0,0,11.9,6.9,357.3,1013.3,14.5,2.6,216,18.6,8,10,2023-10-18T06:37:26,2023-10-18T18:12:00,0.12,Clear,Clear conditions throughout the day.,clear-day,"42647099999,42654099999,VAAH,42744099999"
"Ahmedabad, GJ, India",2023-10-19,94.2,72,82.3,96,72,83.2,65.4,59.1,0,0,0,,0,0,11.4,9.2,69.4,1013,5.7,2.7,235.7,20.3,8,10,2023-10-19T06:37:52,2023-10-19T18:11:10,0.16,Clear,Clear conditions throughout the day.,clear-day,"42647099999,42654099999,VAAH,42744099999"
"Ahmedabad, GJ, India",2023-10-20,95.4,73.4,83.7,96.7,73.4,84.4,64.3,54.9,0,0,0,,0,0,14.5,10.3,55,1012.7,2.4,2.7,228.4,19.7,8,10,2023-10-20T06:38:19,2023-10-20T18:10:21,0.2,Clear,Clear conditions throughout the day.,clear-day,"42647099999,42654099999,VAAH,42744099999"
"Ahmedabad, GJ, India",2023-10-21,96.5,73.4,83.9,98.7,73.4,85.1,65.3,55.9,0,0,0,,0,0,12.5,6.9,63.8,1013,17.6,2.5,227.4,19.5,8,10,2023-10-21T06:38:46,2023-10-21T18:09:34,0.23,Clear,Clear conditions throughout the day.,clear-day,"42647099999,42654099999,VAAH,42744099999"
"Ahmedabad, GJ, India",2023-10-22,96.2,73.4,83.7,96.1,73.4,83.9,63.5,54.1,0,0,0,,0,0,9.4,4.7,19.9,1013.5,4.3,2.5,225.1,19.5,8,10,2023-10-22T06:39:14,2023-10-22T18:08:47,0.25,Clear,Clear conditions throughout the day.,clear-day,"42647099999,42654099999,VAAH,42744099999"
"Ahmedabad, GJ, India",2023-10-23,96,73.4,83.4,95.6,73.4,83.5,62.7,52.7,0,0,0,,0,0,12.8,9.2,31.7,1012.6,16.9,2.6,224.3,19.3,8,10,2023-10-23T06:39:42,2023-10-23T18:08:00,0.3,Clear,Clear conditions throughout the day.,clear-day,"42647099999,42654099999,VAAH,42744099999"
"Ahmedabad, GJ, India",2023-10-24,96.2,73.4,83.4,95.9,73.4,83.3,61.8,51.2,0,0,0,,0,0,10.7,8.1,25.2,1012.2,7.9,2.7,227.4,19.5,8,10,2023-10-24T06:40:10,2023-10-24T18:07:15,0.34,Clear,Clear conditions throughout the day.,clear-day,"42647099999,42654099999,VAAH,42744099999"
"Ahmedabad, GJ, India",2023-10-25,95,71.6,82.4,93,71.6,81.8,59.7,50.5,0,0,0,,0,0,10.1,4.7,34.2,1013.6,4.3,2.7,229,19.7,8,10,2023-10-25T06:40:39,2023-10-25T18:06:31,0.37,Clear,Clear conditions throughout the day.,clear-day,"42647099999,42654099999,VAAH,42744099999"
"Ahmedabad, GJ, India",2023-10-26,95.7,71.6,82.4,94.2,71.6,82.4,62.1,54,0,0,0,,0,0,8.9,4.7,14.5,1013.6,20.7,2.5,325.1,27.9,8,10,2023-10-26T06:41:09,2023-10-26T18:05:47,0.41,Partially cloudy,Partly cloudy throughout the day.,partly-cloudy-day,"42647099999,42654099999,VAAH,42744099999"
"Ahmedabad, GJ, India",2023-10-27,94.4,71.6,81.9,92.8,71.6,81.1,58.6,49.4,0,0,0,,0,0,8.9,5.8,27.1,1012.4,8.1,2.6,231.8,20,8,10,2023-10-27T06:41:39,2023-10-27T18:05:05,0.44,Clear,Clear conditions throughout the day.,clear-day,"42647099999,42654099999,VAAH,42744099999"
"Ahmedabad, GJ, India",2023-10-28,95.4,68,81,92.5,68,80.4,58.9,51.3,0,0,0,,0,0,8.5,6.9,23.5,1012.3,17.8,2.6,223.9,19.2,8,10,2023-10-28T06:42:10,2023-10-28T18:04:24,0.48,Clear,Clear conditions throughout the day.,clear-day,"42647099999,42654099999,VAAH,42744099999"
"Ahmedabad, GJ, India",2023-10-29,96,68,81.3,93.3,68,80.4,57.9,49.1,0,0,0,,0,0,13.9,10.3,43.6,1012.1,7.1,2.7,228,19.9,8,10,2023-10-29T06:42:41,2023-10-29T18:03:43,0.5,Clear,Clear conditions throughout the day.,clear-day,"42647099999,42654099999,VAAH,42744099999"
"Ahmedabad, GJ, India",2023-10-30,95,69.8,81.1,92.7,69.8,80.5,58.1,48.8,0,0,0,,0,0,14.5,9.2,68,1012,12.7,3.2,224.6,19.3,8,10,2023-10-30T06:43:13,2023-10-30T18:03:04,0.55,Clear,Clear conditions throughout the day.,clear-day,"42647099999,42654099999,VAAH,42744099999,remote"
"Ahmedabad, GJ, India",2023-10-31,93.4,69.8,81.1,91.3,69.8,80.6,59.1,49.8,0,0,0,,0,0,15.2,8.9,75.2,1012.8,1.7,2.7,223.3,19.1,8,10,2023-10-31T06:43:45,2023-10-31T18:02:26,0.58,Clear,Clear conditions throughout the day.,clear-day,"42647099999,42654099999,VAAH,42744099999"
"Ahmedabad, GJ, India",2023-11-01,94.7,69.8,81.5,93.7,69.8,81,59,49.6,0,0,0,,0,0,13.6,6.9,68.7,1013.6,0.2,2.6,221.6,18.9,8,10,2023-11-01T06:44:18,2023-11-01T18:01:49,0.61,Clear,Clear conditions throughout the day.,clear-day,"42647099999,42654099999,VAAH,42744099999"
"Ahmedabad, GJ, India",2023-11-02,93.9,69.8,80.9,91.8,69.8,80.2,58.4,49.5,0,0,0,,0,0,15,5.8,48.9,1013,0.1,2.5,221.6,19.1,8,10,2023-11-02T06:44:51,2023-11-02T18:01:13,0.64,Clear,Clear conditions throughout the day.,clear-day,"42647099999,42654099999,VAAH,42744099999"
"Ahmedabad, GJ, India",2023-11-03,94.2,68,80.9,91.9,68,80.4,59.4,51.9,0,0,0,,0,0,13,4.7,56.8,1011.2,0.3,2.4,220.5,18.9,8,10,2023-11-03T06:45:24,2023-11-03T18:00:38,0.67,Clear,Clear conditions throughout the day.,clear-day,"42647099999,42654099999,VAAH,42744099999"
"Ahmedabad, GJ, India",2023-11-04,93.8,71.3,80.4,92.3,71.3,80.1,60,52.6,0,0,0,,0,0,10.5,5.8,31.2,1011,3.6,2.5,216.8,18.6,8,10,2023-11-04T06:45:59,2023-11-04T18:00:04,0.71,Clear,Clear conditions throughout the day.,clear-day,"42647099999,42654099999,VAAH,42744099999"
"Ahmedabad, GJ, India",2023-11-05,95.4,69.8,81.2,92.5,69.8,80.3,57.9,49.6,0,0,0,,0,0,14.3,5.8,72.3,1012.2,0.3,3.1,218.4,18.8,8,10,2023-11-05T06:46:33,2023-11-05T17:59:32,0.75,Clear,Clear conditions throughout the day.,clear-day,"42647099999,42654099999,VAAH,42744099999,remote"
"Ahmedabad, GJ, India",2023-11-06,93.4,68,80.1,90.9,68,79.5,58.9,51.7,0,0,0,,0,0,14.5,5.8,51.2,1013.6,23,2.1,201,17.3,7,10,2023-11-06T06:47:08,2023-11-06T17:59:01,0.77,Partially cloudy,Partly cloudy throughout the day.,partly-cloudy-day,"42647099999,42654099999,VAAH,42744099999"
"Ahmedabad, GJ, India",2023-11-07,93.9,69.8,80.4,91.5,69.8,79.6,58.4,51.2,0,0,0,,0,0,14.8,4.7,57.7,1013.4,4.6,2.2,215.8,18.8,8,10,2023-11-07T06:47:44,2023-11-07T17:58:31,0.8,Clear,Clear conditions throughout the day.,clear-day,"42647099999,42654099999,VAAH,42744099999"
"Ahmedabad, GJ, India",2023-11-08,93.9,69.8,80.8,91.9,69.8,80.1,59.1,51.3,0,0,0,,0,0,13,5.8,68.6,1012.6,0.3,2.9,211.7,18.3,8,10,2023-11-08T06:48:20,2023-11-08T17:58:02,0.84,Clear,Clear conditions throughout the day.,clear-day,"42647099999,42654099999,VAAH,42744099999,remote"
"Ahmedabad, GJ, India",2023-11-09,93.9,71.3,81.2,92,71.3,81,60.2,51.5,0,0,0,,0,0,12.8,3.4,48.9,1012.8,7.2,2.5,210.1,18.3,8,10,2023-11-09T06:48:56,2023-11-09T17:57:34,0.87,Clear,Clear conditions throughout the day.,clear-day,"42647099999,42654099999,VAAH,42744099999"
"Ahmedabad, GJ, India",2023-11-10,95,71.6,81.2,93.2,71.6,81.1,61.9,54.8,0,0,0,,0,0,8.5,4.7,9.7,1013.7,0.7,2.2,208.3,18,8,10,2023-11-10T06:49:33,2023-11-10T17:57:08,0.9,Clear,Clear conditions throughout the day.,clear-day,"42647099999,42654099999,VAAH,42744099999"
"Ahmedabad, GJ, India",2023-11-11,92.6,68,79.4,89.4,68,78.6,55.1,47,0,0,0,,0,0,14.3,10.3,31.7,1015.8,0,2.6,215.4,18.7,8,10,2023-11-11T06:50:10,2023-11-11T17:56:43,0.93,Clear,Clear conditions throughout the day.,clear-day,"42647099999,42654099999,VAAH,42744099999"
"Ahmedabad, GJ, India",2023-11-12,90,66.2,76.2,86.8,66.2,75.3,50.1,41.9,0,0,0,,0,0,17,10.3,43.9,1016.1,14.5,2.7,218.7,18.8,8,10,2023-11-12T06:50:48,2023-11-12T17:56:20,0.96,Clear,Clear conditions throughout the day.,clear-day,"42647099999,42654099999,VAAH,42744099999"
"Ahmedabad, GJ, India",2023-11-13,84.3,62.6,72.5,83.1,62.6,72.2,53.6,53.2,0,0,0,,0,0,16.6,10.3,56,1015.1,32,2.4,179.6,15.6,7,10,2023-11-13T06:51:26,2023-11-13T17:55:58,0,Partially cloudy,Partly cloudy throughout the day.,partly-cloudy-day,"42647099999,42654099999,VAAH,42744099999"
"Ahmedabad, GJ, India",2023-11-14,88.8,62.6,74.5,87.2,62.6,74,55.3,54.8,0,0,0,,0,0,14.1,9.2,46,1014.6,17.5,2.5,210.6,18.3,8,10,2023-11-14T06:52:05,2023-11-14T17:55:37,0.03,Clear,Clear conditions throughout the day.,clear-day,"42647099999,42654099999,VAAH,42744099999"
"Ahmedabad, GJ, India",2023-11-15,88.8,62.6,74.6,86.7,62.6,74.1,54.4,51.8,0,0,0,,0,0,19.7,10.3,51.4,1014.2,0,2.6,210,18,8,10,2023-11-15T06:52:44,2023-11-15T17:55:17,0.07,Clear,Clear conditions throughout the day.,clear-day,"42647099999,42654099999,VAAH,42744099999"
"Ahmedabad, GJ, India",2023-11-16,88.2,66.2,75.7,86.5,66.2,75.2,54.2,48.9,0,0,0,,0,0,19.7,12.8,48.7,1014.7,0,2.5,207.4,18,8,10,2023-11-16T06:53:23,2023-11-16T17:54:59,0.1,Clear,Clear conditions throughout the day.,clear-day,"42647099999,42654099999,VAAH,42744099999"
"Ahmedabad, GJ, India",2023-11-17,86.4,66.2,74.9,84.7,66.2,74.4,54.5,50.9,0,0,0,,0,0,19.5,10.3,43.2,1014.9,0,2.4,204.6,17.8,7,10,2023-11-17T06:54:02,2023-11-17T17:54:42,0.14,Clear,Clear conditions throughout the day.,clear-day,"42647099999,42654099999,VAAH,42744099999"
"Ahmedabad, GJ, India",2023-11-18,86.8,66.2,75.2,85.8,66.2,75,56.3,53.3,0,0,0,,0,0,14.1,10.3,38,1013.5,0.1,2.2,204.2,17.8,7,10,2023-11-18T06:54:42,2023-11-18T17:54:27,0.17,Clear,Clear conditions throughout the day.,clear-day,"42647099999,42654099999,VAAH,42744099999"
"Ahmedabad, GJ, India",2023-11-19,88.5,66.2,76.4,88.1,66.2,76.3,59.1,56.8,0,0,0,,0,0,14.8,8.1,37.7,1013.4,0,1.9,200.9,17.3,7,10,2023-11-19T06:55:22,2023-11-19T17:54:13,0.21,Clear,Clear conditions throughout the day.,clear-day,"42647099999,42654099999,VAAH,42744099999"
"Ahmedabad, GJ, India",2023-11-20,89.6,69.8,78.1,90.3,69.8,78.3,61.3,57.6,0,0,0,,0,0,15.7,9.2,52.3,1013.7,2.2,1.9,192.2,16.6,7,10,2023-11-20T06:56:03,2023-11-20T17:54:00,0.25,Clear,Clear conditions throughout the day.,clear-day,"42647099999,42654099999,VAAH,42744099999"
"Ahmedabad, GJ, India",2023-11-21,88.6,71.6,78.3,88.3,71.6,78.3,60.2,55.3,0,0,0,,0,0,18.1,11.4,51.3,1014.2,0.3,2.2,198.8,17,7,10,2023-11-21T06:56:43,2023-11-21T17:53:49,0.28,Clear,Clear conditions throughout the day.,clear-day,"42647099999,42654099999,VAAH,42744099999"
"Ahmedabad, GJ, India",2023-11-22,88.4,66.2,75.7,86.4,66.2,75.3,57.8,57.2,0,0,0,,0,0,14.5,5.8,53.1,1013.3,0,2.1,201.4,17.4,7,10,2023-11-22T06:57:24,2023-11-22T17:53:40,0.32,Clear,Clear conditions throughout the day.,clear-day,"42647099999,42654099999,VAAH,42744099999"
"Ahmedabad, GJ, India",2023-11-23,86.7,62.6,73.9,84,62.6,73.2,53.8,54.1,0,0,0,,0,0,12.5,6.9,51.2,1011.5,0,2.3,203.9,17.7,7,10,2023-11-23T06:58:05,2023-11-23T17:53:31,0.35,Clear,Clear conditions throughout the day.,clear-day,"42647099999,42654099999,VAAH,42744099999"
"Ahmedabad, GJ, India",2023-11-24,88,62.6,75.2,86.1,62.6,74.7,52.8,47.4,0,0,0,,0,0,20.8,11.4,61.6,1012.3,1.3,2.5,199,17.1,7,10,2023-11-24T06:58:46,2023-11-24T17:53:25,0.39,Clear,Clear conditions throughout the day.,clear-day,"42647099999,42654099999,VAAH,42744099999"
"Ahmedabad, GJ, India",2023-11-25,86.4,68,77.2,85.1,68,76.8,52.9,43.3,0,0,0,,0,0,19.2,13.9,51.7,1013.5,16.7,2.4,154.5,13.3,6,10,2023-11-25T06:59:27,2023-11-25T17:53:19,0.42,Clear,Clear conditions throughout the day.,clear-day,"42647099999,42654099999,VAAH,42744099999"
"Ahmedabad, GJ, India",2023-11-26,75.2,64.4,69.8,75.2,64.4,69.8,60.5,74.6,1.181,100,12.5,rain,0,0,27.1,11.4,58.3,1013,64.4,1.8,94.6,8.1,5,10,2023-11-26T07:00:08,2023-11-26T17:53:15,0.46,"Rain, Partially cloudy",Partly cloudy throughout the day with rain.,rain,"42647099999,42654099999,VAAH,42744099999,remote"
"Ahmedabad, GJ, India",2023-11-27,77.4,64.4,70.3,77.4,64.4,70.3,64.2,81.5,0,0,0,rain,0,0,18.1,8.1,53.8,1012.3,63.5,2.7,125.1,10.7,5,10,2023-11-27T07:00:49,2023-11-27T17:53:13,0.5,Partially cloudy,Partly cloudy throughout the day.,partly-cloudy-day,"42647099999,42654099999,VAAH,42744099999"
"Ahmedabad, GJ, India",2023-11-28,78.9,66.2,71.4,78.9,66.2,71.4,63.2,76.6,0,0,0,,0,0,12.3,11.4,48.3,1012.1,16.5,2.2,158.3,13.8,6,10,2023-11-28T07:01:30,2023-11-28T17:53:12,0.53,Clear,Clear conditions throughout the day.,clear-day,"42647099999,42654099999,VAAH,42744099999"
"Ahmedabad, GJ, India",2023-11-29,80.6,64.4,71.4,81.8,64.4,71.5,62.5,74.7,0,0,0,,0,0,14.3,10.3,28.6,1012.6,11.4,2.5,171.4,14.8,7,10,2023-11-29T07:02:12,2023-11-29T17:53:12,0.56,Clear,Clear conditions throughout the day.,clear-day,"42647099999,42654099999,VAAH,42744099999"
"Ahmedabad, GJ, India",2023-11-30,81,64.4,72.9,82.7,64.4,73.1,63.1,72.5,0,0,0,,0,0,14.1,9.2,23.5,1013,25.5,1.8,165,14.2,7,10,2023-11-30T07:02:53,2023-11-30T17:53:14,0.59,Partially cloudy,Partly cloudy throughout the day.,partly-cloudy-day,"42647099999,42654099999,VAAH,42744099999"
"Ahmedabad, GJ, India",2023-12-01,81.6,68,73.9,84,68,74.3,63.2,69.6,0,0,0,,0,0,17.2,11.4,34.6,1012.8,28,2.8,144.8,12.4,6,10,2023-12-01T07:03:34,2023-12-01T17:53:17,0.62,Partially cloudy,Partly cloudy throughout the day.,partly-cloudy-day,"42647099999,42654099999,VAAH,42744099999,remote"
"Ahmedabad, GJ, India",2023-12-02,82.8,68,74.5,85.2,68,75,64.7,72.2,0,0,0,rain,0,0,20.8,15,36.2,1012.8,34.9,3,164.4,14.2,6,10,2023-12-02T07:04:15,2023-12-02T17:53:22,0.66,Partially cloudy,Partly cloudy throughout the day.,partly-cloudy-day,"42647099999,42654099999,VAAH,42744099999,remote"
"Ahmedabad, GJ, India",2023-12-03,79.6,69.8,74,79.6,69.8,74,66.6,77.9,0,0,0,rain,0,0,19.7,12.8,42,1013.5,51.9,2,158.3,13.6,6,10,2023-12-03T07:04:56,2023-12-03T17:53:28,0.69,Partially cloudy,Partly cloudy throughout the day.,partly-cloudy-day,"42647099999,42654099999,VAAH,42744099999"
"Ahmedabad, GJ, India",2023-12-04,80.6,68,72.4,83.3,68,72.6,64.5,76.7,0,0,0,,0,0,16.8,15,38.4,1013.4,37.2,2.4,179.3,15.5,7,10,2023-12-04T07:05:36,2023-12-04T17:53:35,0.72,Partially cloudy,Partly cloudy throughout the day.,partly-cloudy-day,"42647099999,42654099999,VAAH,42744099999"
"Ahmedabad, GJ, India",2023-12-05,77.4,64.4,69.8,77.4,64.4,69.8,60.6,72.9,0,0,0,,0,0,21.3,13.9,42,1013.1,26.6,2.4,187.1,16.1,7,10,2023-12-05T07:06:16,2023-12-05T17:53:44,0.75,Partially cloudy,Partly cloudy throughout the day.,partly-cloudy-day,"42647099999,42654099999,VAAH,42744099999"
"Ahmedabad, GJ, India",2023-12-06,81,62.6,71.2,82.1,62.6,71.2,60.7,70.7,1.969,100,4.17,rain,0,0,20.8,13.9,35.9,1013.2,6.8,2.4,165.4,14.4,7,10,2023-12-06T07:06:57,2023-12-06T17:53:55,0.78,Rain,Clear conditions throughout the day with morning rain.,rain,"42647099999,42654099999,VAAH,42744099999"
"Ahmedabad, GJ, India",2023-12-07,78.8,64.4,71.3,78.8,64.4,71.3,59.9,67.8,0,0,0,,0,0,18.1,13.9,41,1013.6,9,2.1,169.4,14.5,6,10,2023-12-07T07:07:36,2023-12-07T17:54:06,0.82,Clear,Clear conditions throughout the day.,clear-day,"42647099999,42654099999,VAAH,42744099999"
"Ahmedabad, GJ, India",2023-12-08,81.4,62.6,71.7,81.8,62.6,71.8,58.7,65,0,0,0,,0,0,16.3,11.4,31.6,1013.7,8.3,2.1,176.4,15.3,7,10,2023-12-08T07:08:16,2023-12-08T17:54:19,0.85,Clear,Clear conditions throughout the day.,clear-day,"42647099999,42654099999,VAAH,42744099999"
"Ahmedabad, GJ, India",2023-12-09,82.8,60.8,71.2,82.1,60.8,71.1,57.8,64.8,0,0,0,,0,0,13.6,6.9,15.1,1014.8,2.3,2.3,188.9,16.3,7,10,2023-12-09T07:08:55,2023-12-09T17:54:33,0.88,Clear,Clear conditions throughout the day.,clear-day,"42647099999,42654099999,VAAH,42744099999"
"Ahmedabad, GJ, India",2023-12-10,84.2,60.8,71.7,83.4,60.8,71.6,57.6,63.2,0,0,0,,0,0,14.8,6.9,39.6,1013.4,0.1,2.9,188.2,16.3,7,10,2023-12-10T07:09:33,2023-12-10T17:54:49,0.91,Clear,Clear conditions throughout the day.,clear-day,"42647099999,42654099999,VAAH,42744099999,remote"
"Ahmedabad, GJ, India",2023-12-11,83.4,62.6,71.7,82.4,62.6,71.6,57.9,64.5,0,0,0,,0,0,11.4,9.2,15.9,1013.2,2.7,2.6,190.6,16.4,7,10,2023-12-11T07:10:11,2023-12-11T17:55:06,0.95,Clear,Clear conditions throughout the day.,clear-day,"42647099999,42654099999,VAAH,42744099999"
"Ahmedabad, GJ, India",2023-12-12,83.2,60.8,71.4,82.3,60.8,71.2,57.5,64.1,0,0,0,,0,0,10.7,6.9,28.7,1012.1,18.7,2.4,191.2,16.4,7,10,2023-12-12T07:10:49,2023-12-12T17:55:24,0.98,Clear,Clear conditions throughout the day.,clear-day,"42647099999,42654099999,VAAH,42744099999"
"Ahmedabad, GJ, India",2023-12-13,82.8,62.5,70.6,81.2,62.5,70.4,51.7,54,0,0,0,,0,0,15.2,9.2,46.7,1013.7,22.6,2.5,183.9,15.8,7,10,2023-12-13T07:11:26,2023-12-13T17:55:44,0,Partially cloudy,Partly cloudy throughout the day.,partly-cloudy-day,"42647099999,42654099999,VAAH,42744099999"
"Ahmedabad, GJ, India",2023-12-14,83.6,60.8,70.6,82.6,60.8,70.5,53.4,55.7,0,0,0,,0,0,17.9,11.4,29.5,1014.7,10.1,2.7,187.4,16.2,7,10,2023-12-14T07:12:02,2023-12-14T17:56:04,0.05,Clear,Clear conditions throughout the day.,clear-day,"42647099999,42654099999,VAAH,42744099999"
"Ahmedabad, GJ, India",2023-12-15,82.4,62.6,72.2,82.5,62.6,72.3,57.8,61.6,0,0,0,,0,0,14.1,10.3,23.2,1015.3,17.7,2.3,157,13.5,6,10,2023-12-15T07:12:38,2023-12-15T17:56:26,0.08,Clear,Clear conditions throughout the day.,clear-day,"42647099999,42654099999,VAAH,42744099999"
"Ahmedabad, GJ, India",2023-12-16,82.8,66.2,73,81.8,66.2,72.8,55.2,55.8,0,0,0,,0,0,15,10.3,14.8,1015,22.4,2.2,170.3,14.7,6,10,2023-12-16T07:13:13,2023-12-16T17:56:49,0.12,Partially cloudy,Partly cloudy throughout the day.,partly-cloudy-day,"42647099999,42654099999,VAAH,42744099999"
"Ahmedabad, GJ, India",2023-12-17,82.4,59,68.9,81.4,59,68.7,50.3,53.3,0,0,0,,0,0,15.9,9.2,40.5,1015.7,4.1,2.6,189.6,16.3,7,10,2023-12-17T07:13:47,2023-12-17T17:57:14,0.15,Clear,Clear conditions throughout the day.,clear-day,"42647099999,42654099999,VAAH,42744099999"
"Ahmedabad, GJ, India",2023-12-18,81,59,69.2,79.5,59,69.1,47.2,48.6,0,0,0,,0,0,23,15,49.3,1017.6,22.3,3.1,185.4,16.1,7,10,2023-12-18T07:14:21,2023-12-18T17:57:39,0.19,Partially cloudy,Partly cloudy throughout the day.,partly-cloudy-day,"42647099999,42654099999,VAAH,42744099999,remote"
"Ahmedabad, GJ, India",2023-12-19,77.4,59,67.8,77.4,59,67.8,47.1,48.7,0,0,0,,0,0,23.7,15,41.3,1018.2,34.5,2.6,179.4,15.5,7,10,2023-12-19T07:14:54,2023-12-19T17:58:06,0.22,Partially cloudy,Partly cloudy throughout the day.,partly-cloudy-day,"42647099999,42654099999,VAAH,42744099999"
"Ahmedabad, GJ, India",2023-12-20,77.6,60.8,68.6,77.6,60.8,68.6,46.7,46.3,0,0,0,,0,0,21.7,13.9,42.9,1017.2,54.3,2.6,143.4,12.5,6,10,2023-12-20T07:15:26,2023-12-20T17:58:33,0.25,Partially cloudy,Partly cloudy throughout the day.,partly-cloudy-day,"42647099999,42654099999,VAAH,42744099999"
"Ahmedabad, GJ, India",2023-12-21,78.8,62.6,69.3,78.8,62.6,69.3,47.4,46.2,0,0,0,,0,0,18.1,12.8,50.8,1015.4,46.6,2.6,146,12.4,5,10,2023-12-21T07:15:57,2023-12-21T17:59:02,0.3,Partially cloudy,Partly cloudy throughout the day.,partly-cloudy-day,"42647099999,42654099999,VAAH,42744099999"
"Ahmedabad, GJ, India",2023-12-22,81.6,62.6,70.5,80.6,62.6,70.4,50.6,50.3,0,0,0,,0,0,17.2,11.4,59.7,1014.2,55.9,2.6,156.4,13.6,7,10,2023-12-22T07:16:27,2023-12-22T17:59:31,0.33,Partially cloudy,Partly cloudy throughout the day.,partly-cloudy-day,"42647099999,42654099999,VAAH,42744099999"
"Ahmedabad, GJ, India",2023-12-23,82.8,62,70.2,81.6,62,70.1,52,54.2,0,0,0,,0,0,13.4,9.2,51.3,1015.3,2.5,2.5,187.1,16.1,7,10,2023-12-23T07:16:57,2023-12-23T18:00:02,0.37,Clear,Clear conditions throughout the day.,clear-day,"42647099999,42654099999,VAAH,42744099999"
"Ahmedabad, GJ, India",2023-12-24,83,62.6,71.1,82.1,62.6,71,53.3,54.6,0,0,0,,0,0,18.6,10.3,46.5,1017.2,0,2.2,188.6,16.1,7,10,2023-12-24T07:17:25,2023-12-24T18:00:34,0.4,Clear,Clear conditions throughout the day.,clear-day,"42647099999,42654099999,VAAH,42744099999"
"Ahmedabad, GJ, India",2023-12-25,82.4,60.8,70.3,82.5,60.8,70.3,56.4,62.7,0,0,0,,0,0,15.9,9.2,46.8,1016.5,0,2.2,190.2,16.2,7,10,2023-12-25T07:17:52,2023-12-25T18:01:06,0.44,Clear,Clear conditions throughout the day.,clear-day,"42647099999,VAAH,remote"
"Ahmedabad, GJ, India",2023-12-26,84.2,60.8,70.9,83.9,60.8,70.9,59.1,68.3,0,0,0,,0,0,11.6,5.8,33.3,1015.9,0,1.8,191.1,16.5,7,10,2023-12-26T07:18:19,2023-12-26T18:01:39,0.47,Clear,Clear conditions throughout the day.,clear-day,"42647099999,VAAH,remote"
"Ahmedabad, GJ, India",2023-12-27,82.8,62.6,71.2,83.9,62.6,71.4,61.2,72.4,0,0,0,,0,0,11.4,8.1,46.4,1016.4,16.6,1.2,188.2,16.2,7,10,2023-12-27T07:18:44,2023-12-27T18:02:14,0.5,Clear,Clear conditions throughout the day.,clear-day,"42647099999,42654099999,VAAH,42744099999"
"Ahmedabad, GJ, India",2023-12-28,82.4,64.4,72.5,82.5,64.4,72.6,57.3,60,0,0,0,,0,0,20.1,12.8,38.4,1014.8,13.6,1.8,183,15.8,7,10,2023-12-28T07:19:08,2023-12-28T18:02:49,0.54,Clear,Clear conditions throughout the day.,clear-day,"42647099999,42654099999,VAAH,42744099999"
"Ahmedabad, GJ, India",2023-12-29,82.4,62.6,71.4,82.9,62.6,71.5,58.1,64.1,0,0,0,,0,0,15.2,9.2,32.6,1014.5,14.7,2,187.8,16.4,7,10,2023-12-29T07:19:32,2023-12-29T18:03:24,0.57,Clear,Clear conditions throughout the day.,clear-day,"42647099999,42654099999,VAAH,42744099999"
"Ahmedabad, GJ, India",2023-12-30,83.1,62.6,71.9,83.8,62.6,72.1,60.7,69.3,0,0,0,,0,0,12.1,8.1,51.9,1014,0,1.6,189.2,16.4,7,10,2023-12-30T07:19:54,2023-12-30T18:04:01,0.6,Clear,Clear conditions throughout the day.,clear-day,"42647099999,42654099999,VAAH,42744099999"
"Ahmedabad, GJ, India",2023-12-31,82.4,62.6,70.9,82.1,62.6,70.9,59.4,69.3,0,0,0,,0,0,10.7,5.8,14.3,1013.6,0,1.5,189.2,16.4,7,10,2023-12-31T07:20:14,2023-12-31T18:04:38,0.64,Clear,Clear conditions throughout the day.,clear-day,"42647099999,42654099999,VAAH,42744099999"
